<?xml version="1.0"?>
<questestinterop xmlns="http://www.imsglobal.org/xsd/ims_qtiasiv1p2" xmlns:xsi="http://www.w3.org/2001/XMLSchema-instance" xsi:schemaLocation="http://www.imsglobal.org/xsd/ims_qtiasiv1p2 http://www.imsglobal.org/xsd/ims_qtiasiv1p2p1.xsd">
  <assessment ident="g7f91cf92c1c63936062928f20eff1ff1" title="Quiz 1" external_assignment_id="214500000000187289">
    <qtimetadata>
      <qtimetadatafield>
        <fieldlabel>cc_maxattempts</fieldlabel>
        <fieldentry>1</fieldentry>
      </qtimetadatafield>
    </qtimetadata>
    <section ident="root_section">
      <item ident="cf6cde9929df8cb44e8ce711728aaae1" title="Question 1">
        <itemmetadata>
          <qtimetadata>
            <qtimetadatafield>
              <fieldlabel>question_type</fieldlabel>
              <fieldentry>true_false_question</fieldentry>
            </qtimetadatafield>
            <qtimetadatafield>
              <fieldlabel>points_possible</fieldlabel>
              <fieldentry>1.0</fieldentry>
            </qtimetadatafield>
            <qtimetadatafield>
              <fieldlabel>original_answer_ids</fieldlabel>
              <fieldentry>true_choice,false_choice</fieldentry>
            </qtimetadatafield>
            <qtimetadatafield>
              <fieldlabel>assessment_question_identifierref</fieldlabel>
              <fieldentry>dfefaac8bdcf17b313b9836f6cf2533c</fieldentry>
            </qtimetadatafield>
            <qtimetadatafield>
              <fieldlabel>calculator_type</fieldlabel>
              <fieldentry>none</fieldentry>
            </qtimetadatafield>
          </qtimetadata>
        </itemmetadata>
        <presentation>
          <material>
            <mattext texttype="text/html">&lt;div&gt;A quantitative variable can be categorized into categorical variable.&lt;/div&gt;</mattext>
          </material>
          <response_lid ident="response1" rcardinality="Single">
            <render_choice>
              <response_label ident="true_choice">
                <material>
                  <mattext texttype="text/html">True</mattext>
                </material>
              </response_label>
              <response_label ident="false_choice">
                <material>
                  <mattext texttype="text/html">False</mattext>
                </material>
              </response_label>
            </render_choice>
          </response_lid>
        </presentation>
        <resprocessing>
          <outcomes>
            <decvar maxvalue="100" minvalue="0" varname="SCORE" vartype="Decimal"/>
          </outcomes>
          <respcondition continue="No">
            <conditionvar>
              <varequal respident="response1">true_choice</varequal>
            </conditionvar>
            <setvar action="Set" varname="SCORE">100</setvar>
          </respcondition>
        </resprocessing>
      </item>
      <item ident="efb80f6402e14611038ded8b9769cb3a" title="Question 2">
        <itemmetadata>
          <qtimetadata>
            <qtimetadatafield>
              <fieldlabel>question_type</fieldlabel>
              <fieldentry>true_false_question</fieldentry>
            </qtimetadatafield>
            <qtimetadatafield>
              <fieldlabel>points_possible</fieldlabel>
              <fieldentry>1.0</fieldentry>
            </qtimetadatafield>
            <qtimetadatafield>
              <fieldlabel>original_answer_ids</fieldlabel>
              <fieldentry>true_choice,false_choice</fieldentry>
            </qtimetadatafield>
            <qtimetadatafield>
              <fieldlabel>assessment_question_identifierref</fieldlabel>
              <fieldentry>b88419dfb60fb3c0c53741c12ae8780e</fieldentry>
            </qtimetadatafield>
            <qtimetadatafield>
              <fieldlabel>calculator_type</fieldlabel>
              <fieldentry>none</fieldentry>
            </qtimetadatafield>
          </qtimetadata>
        </itemmetadata>
        <presentation>
          <material>
            <mattext texttype="text/html">&lt;div&gt;Variable "Postal code in Singapore" has values that are recorded as numbers so it is a quantitative variable.&lt;/div&gt;</mattext>
          </material>
          <response_lid ident="response1" rcardinality="Single">
            <render_choice>
              <response_label ident="true_choice">
                <material>
                  <mattext texttype="text/html">True</mattext>
                </material>
              </response_label>
              <response_label ident="false_choice">
                <material>
                  <mattext texttype="text/html">False</mattext>
                </material>
              </response_label>
            </render_choice>
          </response_lid>
        </presentation>
        <resprocessing>
          <outcomes>
            <decvar maxvalue="100" minvalue="0" varname="SCORE" vartype="Decimal"/>
          </outcomes>
          <respcondition continue="No">
            <conditionvar>
              <varequal respident="response1">false_choice</varequal>
            </conditionvar>
            <setvar action="Set" varname="SCORE">100</setvar>
          </respcondition>
        </resprocessing>
      </item>
      <item ident="16a1c8edfc7170d484b9097d9881958a" title="Question 3">
        <itemmetadata>
          <qtimetadata>
            <qtimetadatafield>
              <fieldlabel>question_type</fieldlabel>
              <fieldentry>true_false_question</fieldentry>
            </qtimetadatafield>
            <qtimetadatafield>
              <fieldlabel>points_possible</fieldlabel>
              <fieldentry>1.0</fieldentry>
            </qtimetadatafield>
            <qtimetadatafield>
              <fieldlabel>original_answer_ids</fieldlabel>
              <fieldentry>true_choice,false_choice</fieldentry>
            </qtimetadatafield>
            <qtimetadatafield>
              <fieldlabel>assessment_question_identifierref</fieldlabel>
              <fieldentry>059e5046f4ef64a1ffb3537f9c9be3ae</fieldentry>
            </qtimetadatafield>
            <qtimetadatafield>
              <fieldlabel>calculator_type</fieldlabel>
              <fieldentry>none</fieldentry>
            </qtimetadatafield>
          </qtimetadata>
        </itemmetadata>
        <presentation>
          <material>
            <mattext texttype="text/html">&lt;div&gt;A bar plot (bar chart) is often used to visualize&amp;nbsp;a quantitative variable, like height, age or weight.&lt;/div&gt;</mattext>
          </material>
          <response_lid ident="response1" rcardinality="Single">
            <render_choice>
              <response_label ident="true_choice">
                <material>
                  <mattext texttype="text/html">True</mattext>
                </material>
              </response_label>
              <response_label ident="false_choice">
                <material>
                  <mattext texttype="text/html">False</mattext>
                </material>
              </response_label>
            </render_choice>
          </response_lid>
        </presentation>
        <resprocessing>
          <outcomes>
            <decvar maxvalue="100" minvalue="0" varname="SCORE" vartype="Decimal"/>
          </outcomes>
          <respcondition continue="No">
            <conditionvar>
              <varequal respident="response1">false_choice</varequal>
            </conditionvar>
            <setvar action="Set" varname="SCORE">100</setvar>
          </respcondition>
        </resprocessing>
      </item>
      <item ident="a553624788e240bbbf544804efffd130" title="Question 4">
        <itemmetadata>
          <qtimetadata>
            <qtimetadatafield>
              <fieldlabel>question_type</fieldlabel>
              <fieldentry>true_false_question</fieldentry>
            </qtimetadatafield>
            <qtimetadatafield>
              <fieldlabel>points_possible</fieldlabel>
              <fieldentry>1.0</fieldentry>
            </qtimetadatafield>
            <qtimetadatafield>
              <fieldlabel>original_answer_ids</fieldlabel>
              <fieldentry>true_choice,false_choice</fieldentry>
            </qtimetadatafield>
            <qtimetadatafield>
              <fieldlabel>assessment_question_identifierref</fieldlabel>
              <fieldentry>15adb712a3dc93b1b0611b911dc76607</fieldentry>
            </qtimetadatafield>
            <qtimetadatafield>
              <fieldlabel>calculator_type</fieldlabel>
              <fieldentry>none</fieldentry>
            </qtimetadatafield>
          </qtimetadata>
        </itemmetadata>
        <presentation>
          <material>
            <mattext texttype="text/html">&lt;div&gt;A histogram can only portray the frequency of values of a quantitative variable.&lt;/div&gt;</mattext>
          </material>
          <response_lid ident="response1" rcardinality="Single">
            <render_choice>
              <response_label ident="true_choice">
                <material>
                  <mattext texttype="text/html">True</mattext>
                </material>
              </response_label>
              <response_label ident="false_choice">
                <material>
                  <mattext texttype="text/html">False</mattext>
                </material>
              </response_label>
            </render_choice>
          </response_lid>
        </presentation>
        <resprocessing>
          <outcomes>
            <decvar maxvalue="100" minvalue="0" varname="SCORE" vartype="Decimal"/>
          </outcomes>
          <respcondition continue="No">
            <conditionvar>
              <varequal respident="response1">false_choice</varequal>
            </conditionvar>
            <setvar action="Set" varname="SCORE">100</setvar>
          </respcondition>
        </resprocessing>
      </item>
      <item ident="bb84a329b6a6808dee2afab299c47c38" title="Question 5">
        <itemmetadata>
          <qtimetadata>
            <qtimetadatafield>
              <fieldlabel>question_type</fieldlabel>
              <fieldentry>true_false_question</fieldentry>
            </qtimetadatafield>
            <qtimetadatafield>
              <fieldlabel>points_possible</fieldlabel>
              <fieldentry>1.0</fieldentry>
            </qtimetadatafield>
            <qtimetadatafield>
              <fieldlabel>original_answer_ids</fieldlabel>
              <fieldentry>true_choice,false_choice</fieldentry>
            </qtimetadatafield>
            <qtimetadatafield>
              <fieldlabel>assessment_question_identifierref</fieldlabel>
              <fieldentry>162d80c7e72834ab75e21c26a6117480</fieldentry>
            </qtimetadatafield>
            <qtimetadatafield>
              <fieldlabel>calculator_type</fieldlabel>
              <fieldentry>none</fieldentry>
            </qtimetadatafield>
          </qtimetadata>
        </itemmetadata>
        <presentation>
          <material>
            <mattext texttype="text/html">&lt;div&gt;Given variable height, the shape of the histogram in frequency and the histogram in probability of variable height are the same.&lt;/div&gt;</mattext>
          </material>
          <response_lid ident="response1" rcardinality="Single">
            <render_choice>
              <response_label ident="true_choice">
                <material>
                  <mattext texttype="text/html">True</mattext>
                </material>
              </response_label>
              <response_label ident="false_choice">
                <material>
                  <mattext texttype="text/html">False</mattext>
                </material>
              </response_label>
            </render_choice>
          </response_lid>
        </presentation>
        <resprocessing>
          <outcomes>
            <decvar maxvalue="100" minvalue="0" varname="SCORE" vartype="Decimal"/>
          </outcomes>
          <respcondition continue="No">
            <conditionvar>
              <varequal respident="response1">true_choice</varequal>
            </conditionvar>
            <setvar action="Set" varname="SCORE">100</setvar>
          </respcondition>
        </resprocessing>
      </item>
      <item ident="72e672ffab95d968862c4cb5cb7ecdca" title="Question 6">
        <itemmetadata>
          <qtimetadata>
            <qtimetadatafield>
              <fieldlabel>question_type</fieldlabel>
              <fieldentry>multiple_choice_question</fieldentry>
            </qtimetadatafield>
            <qtimetadatafield>
              <fieldlabel>points_possible</fieldlabel>
              <fieldentry>1.0</fieldentry>
            </qtimetadatafield>
            <qtimetadatafield>
              <fieldlabel>original_answer_ids</fieldlabel>
              <fieldentry>5e68f576-4bd8-43cd-8ebd-a5abe4703b7b,174f2dcb-1f00-4444-bb6e-822443e5b18a</fieldentry>
            </qtimetadatafield>
            <qtimetadatafield>
              <fieldlabel>assessment_question_identifierref</fieldlabel>
              <fieldentry>f889e3f561f4d4f9dea0ae3b1961df3a</fieldentry>
            </qtimetadatafield>
            <qtimetadatafield>
              <fieldlabel>calculator_type</fieldlabel>
              <fieldentry>none</fieldentry>
            </qtimetadatafield>
          </qtimetadata>
        </itemmetadata>
        <presentation>
          <material>
            <mattext texttype="text/html">&lt;div&gt;Which of the following is an appropriate method for summarising ordinal data?&lt;/div&gt;</mattext>
          </material>
          <response_lid ident="response1" rcardinality="Single">
            <render_choice>
              <response_label ident="5e68f576-4bd8-43cd-8ebd-a5abe4703b7b">
                <material>
                  <mattext texttype="text/html">Frequency Table</mattext>
                </material>
              </response_label>
              <response_label ident="174f2dcb-1f00-4444-bb6e-822443e5b18a">
                <material>
                  <mattext texttype="text/html">Histogram</mattext>
                </material>
              </response_label>
            </render_choice>
          </response_lid>
        </presentation>
        <resprocessing>
          <outcomes>
            <decvar maxvalue="100" minvalue="0" varname="SCORE" vartype="Decimal"/>
          </outcomes>
          <respcondition continue="No">
            <conditionvar>
              <varequal respident="response1">5e68f576-4bd8-43cd-8ebd-a5abe4703b7b</varequal>
            </conditionvar>
            <setvar action="Set" varname="SCORE">100</setvar>
          </respcondition>
        </resprocessing>
      </item>
      <item ident="af14b236ca39ef9fecf3cfb297c09cbd" title="Question 7">
        <itemmetadata>
          <qtimetadata>
            <qtimetadatafield>
              <fieldlabel>question_type</fieldlabel>
              <fieldentry>multiple_choice_question</fieldentry>
            </qtimetadatafield>
            <qtimetadatafield>
              <fieldlabel>points_possible</fieldlabel>
              <fieldentry>1.0</fieldentry>
            </qtimetadatafield>
            <qtimetadatafield>
              <fieldlabel>original_answer_ids</fieldlabel>
              <fieldentry>ef2cbae6-f06b-40dd-9576-2bb409563a78,73dba846-29f8-45c0-a148-797fa87ed6d1,669f9c79-9bab-4cce-b37d-987ffbebef78,fb62327e-e84a-4c9c-abb8-4418b4943176</fieldentry>
            </qtimetadatafield>
            <qtimetadatafield>
              <fieldlabel>assessment_question_identifierref</fieldlabel>
              <fieldentry>f9fb531d789d19cbdfc5c062199a8d66</fieldentry>
            </qtimetadatafield>
            <qtimetadatafield>
              <fieldlabel>calculator_type</fieldlabel>
              <fieldentry>none</fieldentry>
            </qtimetadatafield>
          </qtimetadata>
        </itemmetadata>
        <presentation>
          <material>
            <mattext texttype="text/html">&lt;div&gt;
&lt;p&gt;Consider the following dataset of observations:&lt;/p&gt;
&lt;p&gt;0.54, 0.42, 0.85, 1.57, 1.09, 0.75, 1.28, 1.86, 2.51, 1.94&lt;/p&gt;
&lt;p&gt;&lt;br&gt;Which of the following is the correct histogram for this data?&lt;img src="$IMS-CC-FILEBASE$/Uploaded Media/Picture1.png" alt="Picture1.png" data-old-link="/courses/80987/files/6794470/preview"&gt;&lt;/p&gt;
&lt;/div&gt;</mattext>
          </material>
          <response_lid ident="response1" rcardinality="Single">
            <render_choice>
              <response_label ident="ef2cbae6-f06b-40dd-9576-2bb409563a78">
                <material>
                  <mattext texttype="text/html">a</mattext>
                </material>
              </response_label>
              <response_label ident="73dba846-29f8-45c0-a148-797fa87ed6d1">
                <material>
                  <mattext texttype="text/html">b</mattext>
                </material>
              </response_label>
              <response_label ident="669f9c79-9bab-4cce-b37d-987ffbebef78">
                <material>
                  <mattext texttype="text/html">c</mattext>
                </material>
              </response_label>
              <response_label ident="fb62327e-e84a-4c9c-abb8-4418b4943176">
                <material>
                  <mattext texttype="text/html">d</mattext>
                </material>
              </response_label>
            </render_choice>
          </response_lid>
        </presentation>
        <resprocessing>
          <outcomes>
            <decvar maxvalue="100" minvalue="0" varname="SCORE" vartype="Decimal"/>
          </outcomes>
          <respcondition continue="No">
            <conditionvar>
              <varequal respident="response1">73dba846-29f8-45c0-a148-797fa87ed6d1</varequal>
            </conditionvar>
            <setvar action="Set" varname="SCORE">100</setvar>
          </respcondition>
        </resprocessing>
      </item>
      <item ident="9ab32efd8cf2cdd561ad2da4633f357d" title="Question 8">
        <itemmetadata>
          <qtimetadata>
            <qtimetadatafield>
              <fieldlabel>question_type</fieldlabel>
              <fieldentry>true_false_question</fieldentry>
            </qtimetadatafield>
            <qtimetadatafield>
              <fieldlabel>points_possible</fieldlabel>
              <fieldentry>1.0</fieldentry>
            </qtimetadatafield>
            <qtimetadatafield>
              <fieldlabel>original_answer_ids</fieldlabel>
              <fieldentry>true_choice,false_choice</fieldentry>
            </qtimetadatafield>
            <qtimetadatafield>
              <fieldlabel>assessment_question_identifierref</fieldlabel>
              <fieldentry>557eeedbced9e5fbcee64ac635c3b013</fieldentry>
            </qtimetadatafield>
            <qtimetadatafield>
              <fieldlabel>calculator_type</fieldlabel>
              <fieldentry>none</fieldentry>
            </qtimetadatafield>
          </qtimetadata>
        </itemmetadata>
        <presentation>
          <material>
            <mattext texttype="text/html">&lt;div&gt;Variable "smoking level" has 3 levels that has values recorded in numbers (0, 1 and 3), where 0 = &#x201C;no smoking&#x201D;, 1 = &#x201C;&amp;lt;= 5 cigarettes a day&#x201D; and 3 = &#x201C;more than 5 cigarettes a day&#x201D;. It is a categorical variable.&lt;/div&gt;</mattext>
          </material>
          <response_lid ident="response1" rcardinality="Single">
            <render_choice>
              <response_label ident="true_choice">
                <material>
                  <mattext texttype="text/html">True</mattext>
                </material>
              </response_label>
              <response_label ident="false_choice">
                <material>
                  <mattext texttype="text/html">False</mattext>
                </material>
              </response_label>
            </render_choice>
          </response_lid>
        </presentation>
        <resprocessing>
          <outcomes>
            <decvar maxvalue="100" minvalue="0" varname="SCORE" vartype="Decimal"/>
          </outcomes>
          <respcondition continue="No">
            <conditionvar>
              <varequal respident="response1">true_choice</varequal>
            </conditionvar>
            <setvar action="Set" varname="SCORE">100</setvar>
          </respcondition>
        </resprocessing>
      </item>
      <item ident="7bbb447a8f67b143e28284618f942c66" title="Question 9">
        <itemmetadata>
          <qtimetadata>
            <qtimetadatafield>
              <fieldlabel>question_type</fieldlabel>
              <fieldentry>multiple_answers_question</fieldentry>
            </qtimetadatafield>
            <qtimetadatafield>
              <fieldlabel>points_possible</fieldlabel>
              <fieldentry>1.0</fieldentry>
            </qtimetadatafield>
            <qtimetadatafield>
              <fieldlabel>original_answer_ids</fieldlabel>
              <fieldentry>27db0037-55a8-41eb-833f-f6c3bfb0b86f,ae32fc69-7008-4465-8198-765166ba6850,2cc8cf51-74ef-4cbf-953d-f5583e4b02e0,15edace3-b280-411d-a1f1-03903fca2c32,55e5b02a-b9b3-4a5c-b9e3-47c4d4cfa425,035f2ed1-7a04-404f-84ff-d97e306b7ef0</fieldentry>
            </qtimetadatafield>
            <qtimetadatafield>
              <fieldlabel>assessment_question_identifierref</fieldlabel>
              <fieldentry>1d44e23092c351e2b3284c1c47a75806</fieldentry>
            </qtimetadatafield>
            <qtimetadatafield>
              <fieldlabel>calculator_type</fieldlabel>
              <fieldentry>none</fieldentry>
            </qtimetadatafield>
            <qtimetadatafield>
              <fieldlabel>scoring_algorithm</fieldlabel>
              <fieldentry>PartialScore</fieldentry>
            </qtimetadatafield>
          </qtimetadata>
        </itemmetadata>
        <presentation>
          <material>
            <mattext texttype="text/html">&lt;div&gt;Which of the following variables are continuous, when the measurement is as precise as possible?&amp;nbsp;&lt;/div&gt;</mattext>
          </material>
          <response_lid ident="response1" rcardinality="Multiple">
            <render_choice>
              <response_label ident="27db0037-55a8-41eb-833f-f6c3bfb0b86f">
                <material>
                  <mattext texttype="text/html">Age of mother</mattext>
                </material>
              </response_label>
              <response_label ident="ae32fc69-7008-4465-8198-765166ba6850">
                <material>
                  <mattext texttype="text/html">Number of children in a family</mattext>
                </material>
              </response_label>
              <response_label ident="2cc8cf51-74ef-4cbf-953d-f5583e4b02e0">
                <material>
                  <mattext texttype="text/html">Cooking time for preparing dinner</mattext>
                </material>
              </response_label>
              <response_label ident="15edace3-b280-411d-a1f1-03903fca2c32">
                <material>
                  <mattext texttype="text/html">Latitude of a city</mattext>
                </material>
              </response_label>
              <response_label ident="55e5b02a-b9b3-4a5c-b9e3-47c4d4cfa425">
                <material>
                  <mattext texttype="text/html">Longtitude of a city</mattext>
                </material>
              </response_label>
              <response_label ident="035f2ed1-7a04-404f-84ff-d97e306b7ef0">
                <material>
                  <mattext texttype="text/html">Population size of a city</mattext>
                </material>
              </response_label>
            </render_choice>
          </response_lid>
        </presentation>
        <resprocessing>
          <outcomes>
            <decvar maxvalue="100" minvalue="0" varname="SCORE" vartype="Decimal"/>
          </outcomes>
          <respcondition continue="No">
            <conditionvar>
              <and>
                <varequal respident="response1">27db0037-55a8-41eb-833f-f6c3bfb0b86f</varequal>
                <varequal respident="response1">2cc8cf51-74ef-4cbf-953d-f5583e4b02e0</varequal>
                <varequal respident="response1">15edace3-b280-411d-a1f1-03903fca2c32</varequal>
                <varequal respident="response1">55e5b02a-b9b3-4a5c-b9e3-47c4d4cfa425</varequal>
                <not>
                  <varequal respident="response1">ae32fc69-7008-4465-8198-765166ba6850</varequal>
                </not>
                <not>
                  <varequal respident="response1">035f2ed1-7a04-404f-84ff-d97e306b7ef0</varequal>
                </not>
              </and>
            </conditionvar>
            <setvar action="Set" varname="SCORE">100</setvar>
          </respcondition>
        </resprocessing>
      </item>
      <item ident="ecd9577efd5303cb2a0a62d8d3fad0cb" title="Question 10">
        <itemmetadata>
          <qtimetadata>
            <qtimetadatafield>
              <fieldlabel>question_type</fieldlabel>
              <fieldentry>numerical_question</fieldentry>
            </qtimetadatafield>
            <qtimetadatafield>
              <fieldlabel>points_possible</fieldlabel>
              <fieldentry>1.0</fieldentry>
            </qtimetadatafield>
            <qtimetadatafield>
              <fieldlabel>original_answer_ids</fieldlabel>
              <fieldentry>535e982b-3e3a-4c29-af82-5a89fb784c2e</fieldentry>
            </qtimetadatafield>
            <qtimetadatafield>
              <fieldlabel>assessment_question_identifierref</fieldlabel>
              <fieldentry>d81efe5319fe80530489dfcae676dfc6</fieldentry>
            </qtimetadatafield>
            <qtimetadatafield>
              <fieldlabel>calculator_type</fieldlabel>
              <fieldentry>none</fieldentry>
            </qtimetadatafield>
          </qtimetadata>
        </itemmetadata>
        <presentation>
          <material>
            <mattext texttype="text/html">&lt;div&gt;Scores on a difficult exam have a mean of 57 and a standard deviation of 20. The instructor boosts all the scores by 20 points before awarding grades. What is the standard deviation of the new boosted scores?&lt;/div&gt;</mattext>
          </material>
          <response_str ident="response1" rcardinality="Single">
            <render_fib fibtype="Decimal">
              <response_label ident="answer1"/>
            </render_fib>
          </response_str>
        </presentation>
        <resprocessing>
          <outcomes>
            <decvar maxvalue="100" minvalue="0" varname="SCORE" vartype="Decimal"/>
          </outcomes>
          <respcondition continue="No">
            <conditionvar>
              <or>
                <varequal respident="response1">20.0</varequal>
                <and>
                  <vargte respident="response1">20.0</vargte>
                  <varlte respident="response1">20.0</varlte>
                </and>
              </or>
            </conditionvar>
            <setvar action="Set" varname="SCORE">100</setvar>
          </respcondition>
        </resprocessing>
      </item>
      <item ident="4b6333721f8d2272f0f686ed3f2fbf01" title="Question 11">
        <itemmetadata>
          <qtimetadata>
            <qtimetadatafield>
              <fieldlabel>question_type</fieldlabel>
              <fieldentry>true_false_question</fieldentry>
            </qtimetadatafield>
            <qtimetadatafield>
              <fieldlabel>points_possible</fieldlabel>
              <fieldentry>1.0</fieldentry>
            </qtimetadatafield>
            <qtimetadatafield>
              <fieldlabel>original_answer_ids</fieldlabel>
              <fieldentry>true_choice,false_choice</fieldentry>
            </qtimetadatafield>
            <qtimetadatafield>
              <fieldlabel>assessment_question_identifierref</fieldlabel>
              <fieldentry>ff4c75a9317c110fe3e904fa4c72aeb9</fieldentry>
            </qtimetadatafield>
            <qtimetadatafield>
              <fieldlabel>calculator_type</fieldlabel>
              <fieldentry>none</fieldentry>
            </qtimetadatafield>
          </qtimetadata>
        </itemmetadata>
        <presentation>
          <material>
            <mattext texttype="text/html">&lt;div&gt;The mean of a sample is always one of the observed values.&amp;nbsp;&lt;/div&gt;</mattext>
          </material>
          <response_lid ident="response1" rcardinality="Single">
            <render_choice>
              <response_label ident="true_choice">
                <material>
                  <mattext texttype="text/html">True</mattext>
                </material>
              </response_label>
              <response_label ident="false_choice">
                <material>
                  <mattext texttype="text/html">False</mattext>
                </material>
              </response_label>
            </render_choice>
          </response_lid>
        </presentation>
        <resprocessing>
          <outcomes>
            <decvar maxvalue="100" minvalue="0" varname="SCORE" vartype="Decimal"/>
          </outcomes>
          <respcondition continue="No">
            <conditionvar>
              <varequal respident="response1">false_choice</varequal>
            </conditionvar>
            <setvar action="Set" varname="SCORE">100</setvar>
          </respcondition>
        </resprocessing>
      </item>
      <item ident="37866992da888596759dc2231199e23c" title="Question 12">
        <itemmetadata>
          <qtimetadata>
            <qtimetadatafield>
              <fieldlabel>question_type</fieldlabel>
              <fieldentry>matching_question</fieldentry>
            </qtimetadatafield>
            <qtimetadatafield>
              <fieldlabel>points_possible</fieldlabel>
              <fieldentry>1.0</fieldentry>
            </qtimetadatafield>
            <qtimetadatafield>
              <fieldlabel>original_answer_ids</fieldlabel>
              <fieldentry>386020a0-5db9-4a1a-9c8b-b1039010ed64,4174aa28-54e7-460a-bc74-b845ea14ce79</fieldentry>
            </qtimetadatafield>
            <qtimetadatafield>
              <fieldlabel>assessment_question_identifierref</fieldlabel>
              <fieldentry>7cb2784a4443c4248ea044c5d85b4167</fieldentry>
            </qtimetadatafield>
            <qtimetadatafield>
              <fieldlabel>calculator_type</fieldlabel>
              <fieldentry>none</fieldentry>
            </qtimetadatafield>
            <qtimetadatafield>
              <fieldlabel>scoring_algorithm</fieldlabel>
              <fieldentry>PartialDeep</fieldentry>
            </qtimetadatafield>
          </qtimetadata>
        </itemmetadata>
        <presentation>
          <material>
            <mattext texttype="text/html">&lt;div&gt;
&lt;p&gt;The Harvard Medical School study included about 22,000 male physicians. Whether a given individual would be assigned to take aspirin or the placebo was determined by flipping a coin.&lt;/p&gt;
&lt;p&gt;As a result, about 11,000 physicians were assigned to take aspirin and about 11,000 to take the placebo. The researchers summarized the results of the experiment using percentages. Of the physicians taking aspirin, 0.9% had a heart attack, compared to 1.7% of those taking the placebo. Based on the observed results, the study authors concluded that taking aspirin reduces the risk of having a heart attack.&lt;/p&gt;
&lt;p&gt;Match the aspect of the study that pertains to descriptive or inferential statistics respectively.&lt;/p&gt;
&lt;/div&gt;</mattext>
          </material>
          <response_lid ident="response_386020a0-5db9-4a1a-9c8b-b1039010ed64">
            <material>
              <mattext texttype="text/plain">The researchers summarized the results of the experiment using percentages. Of the physicians taking aspirin, 0.9% had a heart attack, compared to 1.7% of those taking the placebo.</mattext>
            </material>
            <render_choice>
              <response_label ident="386020a0-5db9-4a1a-9c8b-b1039010ed64">
                <material>
                  <mattext>Descriptive statistics</mattext>
                </material>
              </response_label>
              <response_label ident="4174aa28-54e7-460a-bc74-b845ea14ce79">
                <material>
                  <mattext>Inferential statistics</mattext>
                </material>
              </response_label>
            </render_choice>
          </response_lid>
          <response_lid ident="response_4174aa28-54e7-460a-bc74-b845ea14ce79">
            <material>
              <mattext texttype="text/plain">Based on the observed results, the study authors concluded that taking aspirin reduces the risk of having a heart attack.</mattext>
            </material>
            <render_choice>
              <response_label ident="386020a0-5db9-4a1a-9c8b-b1039010ed64">
                <material>
                  <mattext>Descriptive statistics</mattext>
                </material>
              </response_label>
              <response_label ident="4174aa28-54e7-460a-bc74-b845ea14ce79">
                <material>
                  <mattext>Inferential statistics</mattext>
                </material>
              </response_label>
            </render_choice>
          </response_lid>
        </presentation>
        <resprocessing>
          <outcomes>
            <decvar maxvalue="100" minvalue="0" varname="SCORE" vartype="Decimal"/>
          </outcomes>
          <respcondition>
            <conditionvar>
              <varequal respident="response_386020a0-5db9-4a1a-9c8b-b1039010ed64">386020a0-5db9-4a1a-9c8b-b1039010ed64</varequal>
            </conditionvar>
            <setvar action="Add" varname="SCORE">50.00</setvar>
          </respcondition>
          <respcondition>
            <conditionvar>
              <varequal respident="response_4174aa28-54e7-460a-bc74-b845ea14ce79">4174aa28-54e7-460a-bc74-b845ea14ce79</varequal>
            </conditionvar>
            <setvar action="Add" varname="SCORE">50.00</setvar>
          </respcondition>
        </resprocessing>
      </item>
      <item ident="45a284bd4a5cfc1ffa3083288d93339e" title="Question 13">
        <itemmetadata>
          <qtimetadata>
            <qtimetadatafield>
              <fieldlabel>question_type</fieldlabel>
              <fieldentry>true_false_question</fieldentry>
            </qtimetadatafield>
            <qtimetadatafield>
              <fieldlabel>points_possible</fieldlabel>
              <fieldentry>1.0</fieldentry>
            </qtimetadatafield>
            <qtimetadatafield>
              <fieldlabel>original_answer_ids</fieldlabel>
              <fieldentry>true_choice,false_choice</fieldentry>
            </qtimetadatafield>
            <qtimetadatafield>
              <fieldlabel>assessment_question_identifierref</fieldlabel>
              <fieldentry>3747420db6d081ed4f325831a01b4eef</fieldentry>
            </qtimetadatafield>
            <qtimetadatafield>
              <fieldlabel>calculator_type</fieldlabel>
              <fieldentry>none</fieldentry>
            </qtimetadatafield>
          </qtimetadata>
        </itemmetadata>
        <presentation>
          <material>
            <mattext texttype="text/html">&lt;div&gt;1% of the data are above the first percentile.&lt;/div&gt;</mattext>
          </material>
          <response_lid ident="response1" rcardinality="Single">
            <render_choice>
              <response_label ident="true_choice">
                <material>
                  <mattext texttype="text/html">True</mattext>
                </material>
              </response_label>
              <response_label ident="false_choice">
                <material>
                  <mattext texttype="text/html">False</mattext>
                </material>
              </response_label>
            </render_choice>
          </response_lid>
        </presentation>
        <resprocessing>
          <outcomes>
            <decvar maxvalue="100" minvalue="0" varname="SCORE" vartype="Decimal"/>
          </outcomes>
          <respcondition continue="No">
            <conditionvar>
              <varequal respident="response1">false_choice</varequal>
            </conditionvar>
            <setvar action="Set" varname="SCORE">100</setvar>
          </respcondition>
        </resprocessing>
      </item>
      <item ident="95f0391100a32ad29be76c9ccb9b6250" title="Question 14">
        <itemmetadata>
          <qtimetadata>
            <qtimetadatafield>
              <fieldlabel>question_type</fieldlabel>
              <fieldentry>true_false_question</fieldentry>
            </qtimetadatafield>
            <qtimetadatafield>
              <fieldlabel>points_possible</fieldlabel>
              <fieldentry>1.0</fieldentry>
            </qtimetadatafield>
            <qtimetadatafield>
              <fieldlabel>original_answer_ids</fieldlabel>
              <fieldentry>true_choice,false_choice</fieldentry>
            </qtimetadatafield>
            <qtimetadatafield>
              <fieldlabel>assessment_question_identifierref</fieldlabel>
              <fieldentry>4b7dfc43b17fcd291e2ead7fb9fffc61</fieldentry>
            </qtimetadatafield>
            <qtimetadatafield>
              <fieldlabel>calculator_type</fieldlabel>
              <fieldentry>none</fieldentry>
            </qtimetadatafield>
          </qtimetadata>
        </itemmetadata>
        <presentation>
          <material>
            <mattext texttype="text/html">&lt;div&gt;The inter-quartile range can be viewed as the range for the middle 50% of the data.&amp;nbsp;&lt;/div&gt;</mattext>
          </material>
          <response_lid ident="response1" rcardinality="Single">
            <render_choice>
              <response_label ident="true_choice">
                <material>
                  <mattext texttype="text/html">True</mattext>
                </material>
              </response_label>
              <response_label ident="false_choice">
                <material>
                  <mattext texttype="text/html">False</mattext>
                </material>
              </response_label>
            </render_choice>
          </response_lid>
        </presentation>
        <resprocessing>
          <outcomes>
            <decvar maxvalue="100" minvalue="0" varname="SCORE" vartype="Decimal"/>
          </outcomes>
          <respcondition continue="No">
            <conditionvar>
              <varequal respident="response1">true_choice</varequal>
            </conditionvar>
            <setvar action="Set" varname="SCORE">100</setvar>
          </respcondition>
        </resprocessing>
      </item>
      <item ident="c56b4b0ccd30f45d576a98c3acad4b60" title="Question 15">
        <itemmetadata>
          <qtimetadata>
            <qtimetadatafield>
              <fieldlabel>question_type</fieldlabel>
              <fieldentry>multiple_answers_question</fieldentry>
            </qtimetadatafield>
            <qtimetadatafield>
              <fieldlabel>points_possible</fieldlabel>
              <fieldentry>1.0</fieldentry>
            </qtimetadatafield>
            <qtimetadatafield>
              <fieldlabel>original_answer_ids</fieldlabel>
              <fieldentry>b2e4822e-908a-45c4-85e0-96d5caa2e598,7d53f58b-bd5c-4e1f-bc53-f6ec4474c432</fieldentry>
            </qtimetadatafield>
            <qtimetadatafield>
              <fieldlabel>assessment_question_identifierref</fieldlabel>
              <fieldentry>001d0cc6adfbd33ddd76bcb0b673dcfc</fieldentry>
            </qtimetadatafield>
            <qtimetadatafield>
              <fieldlabel>calculator_type</fieldlabel>
              <fieldentry>none</fieldentry>
            </qtimetadatafield>
            <qtimetadatafield>
              <fieldlabel>scoring_algorithm</fieldlabel>
              <fieldentry>PartialScore</fieldentry>
            </qtimetadatafield>
          </qtimetadata>
        </itemmetadata>
        <presentation>
          <material>
            <mattext texttype="text/html">&lt;div&gt;Which of the following measures is/are resistant to outliers?&lt;/div&gt;</mattext>
          </material>
          <response_lid ident="response1" rcardinality="Multiple">
            <render_choice>
              <response_label ident="b2e4822e-908a-45c4-85e0-96d5caa2e598">
                <material>
                  <mattext texttype="text/html">median</mattext>
                </material>
              </response_label>
              <response_label ident="7d53f58b-bd5c-4e1f-bc53-f6ec4474c432">
                <material>
                  <mattext texttype="text/html">mean</mattext>
                </material>
              </response_label>
            </render_choice>
          </response_lid>
        </presentation>
        <resprocessing>
          <outcomes>
            <decvar maxvalue="100" minvalue="0" varname="SCORE" vartype="Decimal"/>
          </outcomes>
          <respcondition continue="No">
            <conditionvar>
              <and>
                <varequal respident="response1">b2e4822e-908a-45c4-85e0-96d5caa2e598</varequal>
                <not>
                  <varequal respident="response1">7d53f58b-bd5c-4e1f-bc53-f6ec4474c432</varequal>
                </not>
              </and>
            </conditionvar>
            <setvar action="Set" varname="SCORE">100</setvar>
          </respcondition>
        </resprocessing>
      </item>
      <item ident="d086ee32971b966cc3879038adcd82dc" title="Question 16">
        <itemmetadata>
          <qtimetadata>
            <qtimetadatafield>
              <fieldlabel>question_type</fieldlabel>
              <fieldentry>multiple_answers_question</fieldentry>
            </qtimetadatafield>
            <qtimetadatafield>
              <fieldlabel>points_possible</fieldlabel>
              <fieldentry>1.0</fieldentry>
            </qtimetadatafield>
            <qtimetadatafield>
              <fieldlabel>original_answer_ids</fieldlabel>
              <fieldentry>ecf55450-976a-4d96-b4f2-3aafffe10c12,98d04662-4de7-486f-bd83-11b04a3234de,daceb8d8-bbc0-4360-b49d-fc1baf7801f4,1d3141e9-cd4e-4ee7-b065-81d654f598e5</fieldentry>
            </qtimetadatafield>
            <qtimetadatafield>
              <fieldlabel>assessment_question_identifierref</fieldlabel>
              <fieldentry>3cdb938986f50c3154269582227746f0</fieldentry>
            </qtimetadatafield>
            <qtimetadatafield>
              <fieldlabel>calculator_type</fieldlabel>
              <fieldentry>none</fieldentry>
            </qtimetadatafield>
            <qtimetadatafield>
              <fieldlabel>scoring_algorithm</fieldlabel>
              <fieldentry>PartialScore</fieldentry>
            </qtimetadatafield>
          </qtimetadata>
        </itemmetadata>
        <presentation>
          <material>
            <mattext texttype="text/html">&lt;div&gt;What measures of center and variability are the most appropriate to describe a &lt;strong&gt;symmetric&lt;/strong&gt; distribution?&lt;/div&gt;</mattext>
          </material>
          <response_lid ident="response1" rcardinality="Multiple">
            <render_choice>
              <response_label ident="ecf55450-976a-4d96-b4f2-3aafffe10c12">
                <material>
                  <mattext texttype="text/html">mean</mattext>
                </material>
              </response_label>
              <response_label ident="98d04662-4de7-486f-bd83-11b04a3234de">
                <material>
                  <mattext texttype="text/html">median</mattext>
                </material>
              </response_label>
              <response_label ident="daceb8d8-bbc0-4360-b49d-fc1baf7801f4">
                <material>
                  <mattext texttype="text/html">interquartile range</mattext>
                </material>
              </response_label>
              <response_label ident="1d3141e9-cd4e-4ee7-b065-81d654f598e5">
                <material>
                  <mattext texttype="text/html">standard deviation</mattext>
                </material>
              </response_label>
            </render_choice>
          </response_lid>
        </presentation>
        <resprocessing>
          <outcomes>
            <decvar maxvalue="100" minvalue="0" varname="SCORE" vartype="Decimal"/>
          </outcomes>
          <respcondition continue="No">
            <conditionvar>
              <and>
                <varequal respident="response1">ecf55450-976a-4d96-b4f2-3aafffe10c12</varequal>
                <varequal respident="response1">1d3141e9-cd4e-4ee7-b065-81d654f598e5</varequal>
                <not>
                  <varequal respident="response1">98d04662-4de7-486f-bd83-11b04a3234de</varequal>
                </not>
                <not>
                  <varequal respident="response1">daceb8d8-bbc0-4360-b49d-fc1baf7801f4</varequal>
                </not>
              </and>
            </conditionvar>
            <setvar action="Set" varname="SCORE">100</setvar>
          </respcondition>
        </resprocessing>
      </item>
      <item ident="02e5ae47e8fcb8d104d268fd0e0967a1" title="Question 17">
        <itemmetadata>
          <qtimetadata>
            <qtimetadatafield>
              <fieldlabel>question_type</fieldlabel>
              <fieldentry>multiple_answers_question</fieldentry>
            </qtimetadatafield>
            <qtimetadatafield>
              <fieldlabel>points_possible</fieldlabel>
              <fieldentry>1.0</fieldentry>
            </qtimetadatafield>
            <qtimetadatafield>
              <fieldlabel>original_answer_ids</fieldlabel>
              <fieldentry>a3616baf-c0b5-4fee-adce-7921b49cc3b5,d84cd165-1def-4a5e-9738-243bcc85e0ce,866390af-9c61-4a1d-ae4a-5ad1b35620b7,f67643a6-a0ef-470c-85a6-8f1cfebec6b4</fieldentry>
            </qtimetadatafield>
            <qtimetadatafield>
              <fieldlabel>assessment_question_identifierref</fieldlabel>
              <fieldentry>7d5a4ec2a1f6be8557f71d623a78ef28</fieldentry>
            </qtimetadatafield>
            <qtimetadatafield>
              <fieldlabel>calculator_type</fieldlabel>
              <fieldentry>none</fieldentry>
            </qtimetadatafield>
            <qtimetadatafield>
              <fieldlabel>scoring_algorithm</fieldlabel>
              <fieldentry>PartialScore</fieldentry>
            </qtimetadatafield>
          </qtimetadata>
        </itemmetadata>
        <presentation>
          <material>
            <mattext texttype="text/html">&lt;div&gt;What measures of center and variability are the most appropriate to describe a &lt;strong&gt;skewed&lt;/strong&gt; distribution?&lt;/div&gt;</mattext>
          </material>
          <response_lid ident="response1" rcardinality="Multiple">
            <render_choice>
              <response_label ident="a3616baf-c0b5-4fee-adce-7921b49cc3b5">
                <material>
                  <mattext texttype="text/html">mean</mattext>
                </material>
              </response_label>
              <response_label ident="d84cd165-1def-4a5e-9738-243bcc85e0ce">
                <material>
                  <mattext texttype="text/html">median</mattext>
                </material>
              </response_label>
              <response_label ident="866390af-9c61-4a1d-ae4a-5ad1b35620b7">
                <material>
                  <mattext texttype="text/html">interquartile range</mattext>
                </material>
              </response_label>
              <response_label ident="f67643a6-a0ef-470c-85a6-8f1cfebec6b4">
                <material>
                  <mattext texttype="text/html">standard deviation</mattext>
                </material>
              </response_label>
            </render_choice>
          </response_lid>
        </presentation>
        <resprocessing>
          <outcomes>
            <decvar maxvalue="100" minvalue="0" varname="SCORE" vartype="Decimal"/>
          </outcomes>
          <respcondition continue="No">
            <conditionvar>
              <and>
                <varequal respident="response1">d84cd165-1def-4a5e-9738-243bcc85e0ce</varequal>
                <varequal respident="response1">866390af-9c61-4a1d-ae4a-5ad1b35620b7</varequal>
                <not>
                  <varequal respident="response1">a3616baf-c0b5-4fee-adce-7921b49cc3b5</varequal>
                </not>
                <not>
                  <varequal respident="response1">f67643a6-a0ef-470c-85a6-8f1cfebec6b4</varequal>
                </not>
              </and>
            </conditionvar>
            <setvar action="Set" varname="SCORE">100</setvar>
          </respcondition>
        </resprocessing>
      </item>
    </section>
  </assessment>
</questestinterop>
