<?xml version="1.0"?>
<manifest xmlns="http://www.imsglobal.org/xsd/imsccv1p1/imscp_v1p1" xmlns:lom="http://ltsc.ieee.org/xsd/imsccv1p1/LOM/resource" xmlns:imsmd="http://www.imsglobal.org/xsd/imsmd_v1p2" xmlns:xsi="http://www.w3.org/2001/XMLSchema-instance" identifier="b3c7e52e86b310676a207a25aadc0b63" xsi:schemaLocation="http://www.imsglobal.org/xsd/imsccv1p1/imscp_v1p1 http://www.imsglobal.org/xsd/imscp_v1p1.xsd http://ltsc.ieee.org/xsd/imsccv1p1/LOM/resource http://www.imsglobal.org/profile/cc/ccv1p1/LOM/ccv1p1_lomresource_v1p0.xsd http://www.imsglobal.org/xsd/imsmd_v1p2 http://www.imsglobal.org/xsd/imsmd_v1p2p2.xsd">
  <metadata>
    <schema>IMS Content</schema>
    <schemaversion>1.1.3</schemaversion>
    <imsmd:lom>
      <imsmd:general>
        <imsmd:title>
          <imsmd:string>QTI Quiz Export for </imsmd:string>
        </imsmd:title>
      </imsmd:general>
      <imsmd:lifeCycle>
        <imsmd:contribute>
          <imsmd:date>
            <imsmd:dateTime>2025-08-05</imsmd:dateTime>
          </imsmd:date>
        </imsmd:contribute>
      </imsmd:lifeCycle>
      <imsmd:rights>
        <imsmd:copyrightAndOtherRestrictions>
          <imsmd:value>yes</imsmd:value>
        </imsmd:copyrightAndOtherRestrictions>
        <imsmd:description>
          <imsmd:string>Private (Copyrighted) - http://en.wikipedia.org/wiki/Copyright</imsmd:string>
        </imsmd:description>
      </imsmd:rights>
    </imsmd:lom>
  </metadata>
  <organizations/>
  <resources>
    <resource identifier="gb3c90499feb9bac52a29c2964275c510" type="imsqti_xmlv1p2">
      <file href="gb3c90499feb9bac52a29c2964275c510/gb3c90499feb9bac52a29c2964275c510.xml"/>
      <dependency identifierref="af6170c358695ee843dbfcde671b8e3a"/>
    </resource>
    <resource identifier="af6170c358695ee843dbfcde671b8e3a" type="associatedcontent/imscc_xmlv1p1/learning-application-resource" href="gb3c90499feb9bac52a29c2964275c510/assessment_meta.xml">
      <file href="gb3c90499feb9bac52a29c2964275c510/assessment_meta.xml"/>
    </resource>
    <resource identifier="a6c327e016923790511ca575777145ba" type="webcontent" href="Uploaded Media/Picture3.png">
      <file href="Uploaded Media/Picture3.png"/>
    </resource>
    <resource identifier="3a35fdd0fbf7d66b6a8ba5e5dbfb32d9" type="webcontent" href="Uploaded Media/Picture4.png">
      <file href="Uploaded Media/Picture4.png"/>
    </resource>
    <resource identifier="f307ae57ae99514254e98b80c00bfef9" type="webcontent" href="Uploaded Media/Picture5.png">
      <file href="Uploaded Media/Picture5.png"/>
    </resource>
    <resource identifier="0f454ded5b8c8cdcedea2b613e0af006" type="webcontent" href="Uploaded Media/boxplot1.png">
      <file href="Uploaded Media/boxplot1.png"/>
    </resource>
    <resource identifier="08649d09dc075b0e9d477b0e373ef5e7" type="webcontent" href="Uploaded Media/boxplot2.png">
      <file href="Uploaded Media/boxplot2.png"/>
    </resource>
  </resources>
</manifest>
