<?xml version="1.0"?>
<manifest xmlns="http://www.imsglobal.org/xsd/imsccv1p1/imscp_v1p1" xmlns:lom="http://ltsc.ieee.org/xsd/imsccv1p1/LOM/resource" xmlns:imsmd="http://www.imsglobal.org/xsd/imsmd_v1p2" xmlns:xsi="http://www.w3.org/2001/XMLSchema-instance" identifier="fbc2a537551231f8eef7cfe800a4d87f" xsi:schemaLocation="http://www.imsglobal.org/xsd/imsccv1p1/imscp_v1p1 http://www.imsglobal.org/xsd/imscp_v1p1.xsd http://ltsc.ieee.org/xsd/imsccv1p1/LOM/resource http://www.imsglobal.org/profile/cc/ccv1p1/LOM/ccv1p1_lomresource_v1p0.xsd http://www.imsglobal.org/xsd/imsmd_v1p2 http://www.imsglobal.org/xsd/imsmd_v1p2p2.xsd">
  <metadata>
    <schema>IMS Content</schema>
    <schemaversion>1.1.3</schemaversion>
    <imsmd:lom>
      <imsmd:general>
        <imsmd:title>
          <imsmd:string>QTI Quiz Export for </imsmd:string>
        </imsmd:title>
      </imsmd:general>
      <imsmd:lifeCycle>
        <imsmd:contribute>
          <imsmd:date>
            <imsmd:dateTime>2025-08-05</imsmd:dateTime>
          </imsmd:date>
        </imsmd:contribute>
      </imsmd:lifeCycle>
      <imsmd:rights>
        <imsmd:copyrightAndOtherRestrictions>
          <imsmd:value>yes</imsmd:value>
        </imsmd:copyrightAndOtherRestrictions>
        <imsmd:description>
          <imsmd:string>Private (Copyrighted) - http://en.wikipedia.org/wiki/Copyright</imsmd:string>
        </imsmd:description>
      </imsmd:rights>
    </imsmd:lom>
  </metadata>
  <organizations/>
  <resources>
    <resource identifier="g7f91cf92c1c63936062928f20eff1ff1" type="imsqti_xmlv1p2">
      <file href="g7f91cf92c1c63936062928f20eff1ff1/g7f91cf92c1c63936062928f20eff1ff1.xml"/>
      <dependency identifierref="e7a419ee6fe4774957f8f87e05ce0944"/>
    </resource>
    <resource identifier="e7a419ee6fe4774957f8f87e05ce0944" type="associatedcontent/imscc_xmlv1p1/learning-application-resource" href="g7f91cf92c1c63936062928f20eff1ff1/assessment_meta.xml">
      <file href="g7f91cf92c1c63936062928f20eff1ff1/assessment_meta.xml"/>
    </resource>
    <resource identifier="49aa1c9f70a6791c6fa382bb7ae1a937" type="webcontent" href="Uploaded Media/Picture1.png">
      <file href="Uploaded Media/Picture1.png"/>
    </resource>
  </resources>
</manifest>
