<?xml version="1.0"?>
<questestinterop xmlns="http://www.imsglobal.org/xsd/ims_qtiasiv1p2" xmlns:xsi="http://www.w3.org/2001/XMLSchema-instance" xsi:schemaLocation="http://www.imsglobal.org/xsd/ims_qtiasiv1p2 http://www.imsglobal.org/xsd/ims_qtiasiv1p2p1.xsd">
  <assessment ident="gb3c90499feb9bac52a29c2964275c510" title="Quiz 2" external_assignment_id="214500000000187299">
    <qtimetadata>
      <qtimetadatafield>
        <fieldlabel>cc_maxattempts</fieldlabel>
        <fieldentry>1</fieldentry>
      </qtimetadatafield>
    </qtimetadata>
    <section ident="root_section">
      <item ident="b0ec502eb4adfd34d9782d116d2914ec" title="Question 1">
        <itemmetadata>
          <qtimetadata>
            <qtimetadatafield>
              <fieldlabel>question_type</fieldlabel>
              <fieldentry>fill_in_multiple_blanks_question</fieldentry>
            </qtimetadatafield>
            <qtimetadatafield>
              <fieldlabel>points_possible</fieldlabel>
              <fieldentry>1.0</fieldentry>
            </qtimetadatafield>
            <qtimetadatafield>
              <fieldlabel>original_answer_ids</fieldlabel>
              <fieldentry>["6d90245b-e03e-4aa7-a87b-ed58677d0b48", "f746ac65-4f37-495d-a7a7-8b9f6fed8c0a", "a5171e04-ff14-4546-8013-a45e77b77498", "feeb928e-aaf3-4b1f-b293-187ad5a6cf3c"]</fieldentry>
            </qtimetadatafield>
            <qtimetadatafield>
              <fieldlabel>assessment_question_identifierref</fieldlabel>
              <fieldentry>620dadd8de4058d472a748cc120b9679</fieldentry>
            </qtimetadatafield>
            <qtimetadatafield>
              <fieldlabel>calculator_type</fieldlabel>
              <fieldentry>none</fieldentry>
            </qtimetadatafield>
          </qtimetadata>
        </itemmetadata>
        <presentation>
          <material>
            <mattext texttype="text/html">&lt;div&gt;
&lt;p&gt;Match the following variables to the boxplots that follow.&lt;/p&gt;
&lt;p&gt;&lt;strong&gt;Variable 1: &lt;/strong&gt;ST1232 Exam score (median = 90.71, minimum = 57.9, maximum = 99.4)&lt;/p&gt;
&lt;p&gt;&lt;strong&gt;Variable 2: &lt;/strong&gt;IQ score (median = 99)&lt;/p&gt;
&lt;p&gt;&lt;strong&gt;Boxplot 1:&lt;img src="$IMS-CC-FILEBASE$/Uploaded Media/boxplot1.png" alt="boxplot1.png" data-old-link="/courses/80987/files/6794478/preview"&gt;&lt;/strong&gt;&lt;/p&gt;
&lt;p&gt;&lt;strong&gt;Boxplot 2: &lt;img src="$IMS-CC-FILEBASE$/Uploaded Media/boxplot2.png" alt="boxplot2.png" data-old-link="/courses/80987/files/6794479/preview"&gt;&lt;/strong&gt;&lt;/p&gt;
&lt;p&gt;Boxplot 1 is Variable [ef12e363-d23a-447c-b3ec-cf492ce7cd86]&lt;/p&gt;
&lt;p&gt;Boxplot 2 is Variable [35266dbd-68fd-4ad6-ad04-c0f43a61f5ba]&lt;/p&gt;
&lt;/div&gt;</mattext>
          </material>
          <response_lid ident="response_ef12e363-d23a-447c-b3ec-cf492ce7cd86">
            <material>
              <mattext>1</mattext>
            </material>
            <render_choice>
              <response_label scoring_algorithm="Equivalence" answer_type="dropdown" ident="6d90245b-e03e-4aa7-a87b-ed58677d0b48" position="1">
                <material>
                  <mattext texttype="text/plain">1</mattext>
                </material>
              </response_label>
              <response_label scoring_algorithm="Equivalence" answer_type="dropdown" ident="f746ac65-4f37-495d-a7a7-8b9f6fed8c0a" position="2">
                <material>
                  <mattext texttype="text/plain">2</mattext>
                </material>
              </response_label>
            </render_choice>
          </response_lid>
          <response_lid ident="response_35266dbd-68fd-4ad6-ad04-c0f43a61f5ba">
            <material>
              <mattext>2</mattext>
            </material>
            <render_choice>
              <response_label scoring_algorithm="Equivalence" answer_type="dropdown" ident="a5171e04-ff14-4546-8013-a45e77b77498" position="1">
                <material>
                  <mattext texttype="text/plain">1</mattext>
                </material>
              </response_label>
              <response_label scoring_algorithm="Equivalence" answer_type="dropdown" ident="feeb928e-aaf3-4b1f-b293-187ad5a6cf3c" position="2">
                <material>
                  <mattext texttype="text/plain">2</mattext>
                </material>
              </response_label>
            </render_choice>
          </response_lid>
        </presentation>
        <resprocessing>
          <outcomes>
            <decvar maxvalue="100" minvalue="0" varname="SCORE" vartype="Decimal"/>
          </outcomes>
          <respcondition>
            <conditionvar>
              <varequal respident="response_ef12e363-d23a-447c-b3ec-cf492ce7cd86">6d90245b-e03e-4aa7-a87b-ed58677d0b48</varequal>
            </conditionvar>
            <setvar action="Add" varname="SCORE">50.00</setvar>
          </respcondition>
          <respcondition>
            <conditionvar>
              <varequal respident="response_35266dbd-68fd-4ad6-ad04-c0f43a61f5ba">feeb928e-aaf3-4b1f-b293-187ad5a6cf3c</varequal>
            </conditionvar>
            <setvar action="Add" varname="SCORE">50.00</setvar>
          </respcondition>
        </resprocessing>
      </item>
      <item ident="2cca06f5319558404e86bccad310074e" title="Question 2">
        <itemmetadata>
          <qtimetadata>
            <qtimetadatafield>
              <fieldlabel>question_type</fieldlabel>
              <fieldentry>multiple_choice_question</fieldentry>
            </qtimetadatafield>
            <qtimetadatafield>
              <fieldlabel>points_possible</fieldlabel>
              <fieldentry>1.0</fieldentry>
            </qtimetadatafield>
            <qtimetadatafield>
              <fieldlabel>original_answer_ids</fieldlabel>
              <fieldentry>50bdb080-4c2a-41e5-bca4-02a85d4f3e20,0b9efe63-291d-4878-a789-b5f365c8f817</fieldentry>
            </qtimetadatafield>
            <qtimetadatafield>
              <fieldlabel>assessment_question_identifierref</fieldlabel>
              <fieldentry>dc5279d6eb50246093b00c6838f3401e</fieldentry>
            </qtimetadatafield>
            <qtimetadatafield>
              <fieldlabel>calculator_type</fieldlabel>
              <fieldentry>none</fieldentry>
            </qtimetadatafield>
          </qtimetadata>
        </itemmetadata>
        <presentation>
          <material>
            <mattext texttype="text/html">&lt;div&gt;
&lt;p&gt;Many years back, the scores of the ST1131 final exam had&amp;nbsp;the following five-number summary:&lt;/p&gt;
&lt;ol&gt;
&lt;li&gt;Minimum: 78.3&lt;/li&gt;
&lt;li&gt;Lower quartile: 83.6&lt;/li&gt;
&lt;li&gt;Median: 87.2&lt;/li&gt;
&lt;li&gt;Upper quartile: 88.8&lt;/li&gt;
&lt;li&gt;Maximum: 92.3&lt;/li&gt;
&lt;/ol&gt;
&lt;p&gt;Would a boxplot of this dataset show any outliers?&lt;/p&gt;
&lt;/div&gt;</mattext>
          </material>
          <response_lid ident="response1" rcardinality="Single">
            <render_choice>
              <response_label ident="50bdb080-4c2a-41e5-bca4-02a85d4f3e20">
                <material>
                  <mattext texttype="text/html">Yes</mattext>
                </material>
              </response_label>
              <response_label ident="0b9efe63-291d-4878-a789-b5f365c8f817">
                <material>
                  <mattext texttype="text/html">No</mattext>
                </material>
              </response_label>
            </render_choice>
          </response_lid>
        </presentation>
        <resprocessing>
          <outcomes>
            <decvar maxvalue="100" minvalue="0" varname="SCORE" vartype="Decimal"/>
          </outcomes>
          <respcondition continue="No">
            <conditionvar>
              <varequal respident="response1">0b9efe63-291d-4878-a789-b5f365c8f817</varequal>
            </conditionvar>
            <setvar action="Set" varname="SCORE">100</setvar>
          </respcondition>
        </resprocessing>
      </item>
      <item ident="20883115d97c8686c35c7d47793200ed" title="Question 3">
        <itemmetadata>
          <qtimetadata>
            <qtimetadatafield>
              <fieldlabel>question_type</fieldlabel>
              <fieldentry>multiple_choice_question</fieldentry>
            </qtimetadatafield>
            <qtimetadatafield>
              <fieldlabel>points_possible</fieldlabel>
              <fieldentry>1.0</fieldentry>
            </qtimetadatafield>
            <qtimetadatafield>
              <fieldlabel>original_answer_ids</fieldlabel>
              <fieldentry>949bd88b-7cf1-4bf6-97d5-12a00fe171b3,957e48b6-e979-4f18-ad96-cc97a69dca06,d7c911ea-2c09-4aab-9461-97a2234b3eb8</fieldentry>
            </qtimetadatafield>
            <qtimetadatafield>
              <fieldlabel>assessment_question_identifierref</fieldlabel>
              <fieldentry>5b8df6034da08be5d5eaad7b5bfb6c68</fieldentry>
            </qtimetadatafield>
            <qtimetadatafield>
              <fieldlabel>calculator_type</fieldlabel>
              <fieldentry>none</fieldentry>
            </qtimetadatafield>
          </qtimetadata>
        </itemmetadata>
        <presentation>
          <material>
            <mattext texttype="text/html">&lt;div&gt;
&lt;p&gt;Consider the following boxplot. If you were told that the distribution is unimodal, what skew would be present in it?&lt;/p&gt;
&lt;p&gt;&lt;img src="$IMS-CC-FILEBASE$/Uploaded Media/boxplot1.png" alt="boxplot1-1.png" data-old-link="/courses/80987/files/6794480/preview"&gt;&lt;/p&gt;
&lt;/div&gt;</mattext>
          </material>
          <response_lid ident="response1" rcardinality="Single">
            <render_choice>
              <response_label ident="949bd88b-7cf1-4bf6-97d5-12a00fe171b3">
                <material>
                  <mattext texttype="text/html">Symmetric</mattext>
                </material>
              </response_label>
              <response_label ident="957e48b6-e979-4f18-ad96-cc97a69dca06">
                <material>
                  <mattext texttype="text/html">Left skewed</mattext>
                </material>
              </response_label>
              <response_label ident="d7c911ea-2c09-4aab-9461-97a2234b3eb8">
                <material>
                  <mattext texttype="text/html">Right skewed</mattext>
                </material>
              </response_label>
            </render_choice>
          </response_lid>
        </presentation>
        <resprocessing>
          <outcomes>
            <decvar maxvalue="100" minvalue="0" varname="SCORE" vartype="Decimal"/>
          </outcomes>
          <respcondition continue="No">
            <conditionvar>
              <varequal respident="response1">957e48b6-e979-4f18-ad96-cc97a69dca06</varequal>
            </conditionvar>
            <setvar action="Set" varname="SCORE">100</setvar>
          </respcondition>
        </resprocessing>
      </item>
      <item ident="06661397b6d5b790bd219a7ef0d9e6d7" title="Question 4">
        <itemmetadata>
          <qtimetadata>
            <qtimetadatafield>
              <fieldlabel>question_type</fieldlabel>
              <fieldentry>fill_in_multiple_blanks_question</fieldentry>
            </qtimetadatafield>
            <qtimetadatafield>
              <fieldlabel>points_possible</fieldlabel>
              <fieldentry>1.0</fieldentry>
            </qtimetadatafield>
            <qtimetadatafield>
              <fieldlabel>original_answer_ids</fieldlabel>
              <fieldentry>["24626442-385a-4d77-a781-c826b2bcc44e-0", "24626442-385a-4d77-a781-c826b2bcc44e-1", "24626442-385a-4d77-a781-c826b2bcc44e-2", "62deb19c-5ec2-40b5-9a4e-c7b57b39fac7-0"]</fieldentry>
            </qtimetadatafield>
            <qtimetadatafield>
              <fieldlabel>assessment_question_identifierref</fieldlabel>
              <fieldentry>d5ea06d0c3ea2bff33479d2dd8d0d4be</fieldentry>
            </qtimetadatafield>
            <qtimetadatafield>
              <fieldlabel>calculator_type</fieldlabel>
              <fieldentry>none</fieldentry>
            </qtimetadatafield>
          </qtimetadata>
        </itemmetadata>
        <presentation>
          <material>
            <mattext texttype="text/html">&lt;div&gt;
&lt;p&gt;A study is performed to assess the efficacy of two new drugs for reducing systolic blood pressure in patients. There are three treatment groups - one used a placebo, while the other two groups used drug A and drug B. Study the SPSS output below. The interquartile range for treatment A group is [24626442-385a-4d77-a781-c826b2bcc44e] and for treatment B group is [62deb19c-5ec2-40b5-9a4e-c7b57b39fac7]. &lt;strong&gt;Give your answer to 2 decimal places.&lt;/strong&gt;&lt;/p&gt;
&lt;p&gt;&lt;img src="$IMS-CC-FILEBASE$/Uploaded Media/Picture3.png" alt="Picture3.png" data-old-link="/courses/80987/files/6794481/preview"&gt;&lt;/p&gt;
&lt;/div&gt;</mattext>
          </material>
          <response_lid ident="response_24626442-385a-4d77-a781-c826b2bcc44e">
            <material>
              <mattext>18</mattext>
            </material>
            <render_choice>
              <response_label scoring_algorithm="TextInChoices" answer_type="openEntry" ident="24626442-385a-4d77-a781-c826b2bcc44e-0">
                <material>
                  <mattext texttype="text/plain">18</mattext>
                </material>
              </response_label>
              <response_label scoring_algorithm="TextInChoices" answer_type="openEntry" ident="24626442-385a-4d77-a781-c826b2bcc44e-1">
                <material>
                  <mattext texttype="text/plain">18.0</mattext>
                </material>
              </response_label>
              <response_label scoring_algorithm="TextInChoices" answer_type="openEntry" ident="24626442-385a-4d77-a781-c826b2bcc44e-2">
                <material>
                  <mattext texttype="text/plain">18.00</mattext>
                </material>
              </response_label>
            </render_choice>
          </response_lid>
          <response_lid ident="response_62deb19c-5ec2-40b5-9a4e-c7b57b39fac7">
            <material>
              <mattext>27.75</mattext>
            </material>
            <render_choice>
              <response_label scoring_algorithm="TextInChoices" answer_type="openEntry" ident="62deb19c-5ec2-40b5-9a4e-c7b57b39fac7-0">
                <material>
                  <mattext texttype="text/plain">27.75</mattext>
                </material>
              </response_label>
            </render_choice>
          </response_lid>
        </presentation>
        <resprocessing>
          <outcomes>
            <decvar maxvalue="100" minvalue="0" varname="SCORE" vartype="Decimal"/>
          </outcomes>
          <respcondition>
            <conditionvar>
              <varequal respident="response_24626442-385a-4d77-a781-c826b2bcc44e">24626442-385a-4d77-a781-c826b2bcc44e-0</varequal>
            </conditionvar>
            <setvar action="Add" varname="SCORE">50.00</setvar>
          </respcondition>
          <respcondition>
            <conditionvar>
              <varequal respident="response_62deb19c-5ec2-40b5-9a4e-c7b57b39fac7">62deb19c-5ec2-40b5-9a4e-c7b57b39fac7-0</varequal>
            </conditionvar>
            <setvar action="Add" varname="SCORE">50.00</setvar>
          </respcondition>
        </resprocessing>
      </item>
      <item ident="fe78842ac2dde12b051004a461b8fd50" title="Question 5">
        <itemmetadata>
          <qtimetadata>
            <qtimetadatafield>
              <fieldlabel>question_type</fieldlabel>
              <fieldentry>multiple_choice_question</fieldentry>
            </qtimetadatafield>
            <qtimetadatafield>
              <fieldlabel>points_possible</fieldlabel>
              <fieldentry>1.0</fieldentry>
            </qtimetadatafield>
            <qtimetadatafield>
              <fieldlabel>original_answer_ids</fieldlabel>
              <fieldentry>7597c499-7efe-4f55-8a58-61b4502c6697,8293953d-2a48-4a20-a81b-c0573a1eb489</fieldentry>
            </qtimetadatafield>
            <qtimetadatafield>
              <fieldlabel>assessment_question_identifierref</fieldlabel>
              <fieldentry>ce3e594e82b1b917d50be51a819f3928</fieldentry>
            </qtimetadatafield>
            <qtimetadatafield>
              <fieldlabel>calculator_type</fieldlabel>
              <fieldentry>none</fieldentry>
            </qtimetadatafield>
          </qtimetadata>
        </itemmetadata>
        <presentation>
          <material>
            <mattext texttype="text/html">&lt;div&gt;Varying levels of treatment were administered to a group of ill males and females, and their response to the illness was measured using a response variable. The scatterplot of the data is shown below, where shapes are used to distinguish gender. Which gender has a lower mean response?&lt;img src="$IMS-CC-FILEBASE$/Uploaded Media/Picture4.png" alt="Picture4.png" data-old-link="/courses/80987/files/6794477/preview"&gt;
&lt;/div&gt;</mattext>
          </material>
          <response_lid ident="response1" rcardinality="Single">
            <render_choice>
              <response_label ident="7597c499-7efe-4f55-8a58-61b4502c6697">
                <material>
                  <mattext texttype="text/html">Males</mattext>
                </material>
              </response_label>
              <response_label ident="8293953d-2a48-4a20-a81b-c0573a1eb489">
                <material>
                  <mattext texttype="text/html">Females</mattext>
                </material>
              </response_label>
            </render_choice>
          </response_lid>
        </presentation>
        <resprocessing>
          <outcomes>
            <decvar maxvalue="100" minvalue="0" varname="SCORE" vartype="Decimal"/>
          </outcomes>
          <respcondition continue="No">
            <conditionvar>
              <varequal respident="response1">7597c499-7efe-4f55-8a58-61b4502c6697</varequal>
            </conditionvar>
            <setvar action="Set" varname="SCORE">100</setvar>
          </respcondition>
        </resprocessing>
      </item>
      <item ident="07ed256bc7ad2d8046b19226d61342a1" title="Question 6">
        <itemmetadata>
          <qtimetadata>
            <qtimetadatafield>
              <fieldlabel>question_type</fieldlabel>
              <fieldentry>true_false_question</fieldentry>
            </qtimetadatafield>
            <qtimetadatafield>
              <fieldlabel>points_possible</fieldlabel>
              <fieldentry>1.0</fieldentry>
            </qtimetadatafield>
            <qtimetadatafield>
              <fieldlabel>original_answer_ids</fieldlabel>
              <fieldentry>true_choice,false_choice</fieldentry>
            </qtimetadatafield>
            <qtimetadatafield>
              <fieldlabel>assessment_question_identifierref</fieldlabel>
              <fieldentry>9cba7c7470f5c625b49f440cefc0388f</fieldentry>
            </qtimetadatafield>
            <qtimetadatafield>
              <fieldlabel>calculator_type</fieldlabel>
              <fieldentry>none</fieldentry>
            </qtimetadatafield>
          </qtimetadata>
        </itemmetadata>
        <presentation>
          <material>
            <mattext texttype="text/html">&lt;div&gt;If two quantitative variables have a correlation value of 1 then the scatter plot of them fits a straight line.&lt;/div&gt;</mattext>
          </material>
          <response_lid ident="response1" rcardinality="Single">
            <render_choice>
              <response_label ident="true_choice">
                <material>
                  <mattext texttype="text/html">True</mattext>
                </material>
              </response_label>
              <response_label ident="false_choice">
                <material>
                  <mattext texttype="text/html">False</mattext>
                </material>
              </response_label>
            </render_choice>
          </response_lid>
        </presentation>
        <resprocessing>
          <outcomes>
            <decvar maxvalue="100" minvalue="0" varname="SCORE" vartype="Decimal"/>
          </outcomes>
          <respcondition continue="No">
            <conditionvar>
              <varequal respident="response1">true_choice</varequal>
            </conditionvar>
            <setvar action="Set" varname="SCORE">100</setvar>
          </respcondition>
        </resprocessing>
      </item>
      <item ident="2dce0dfbb01de698b968707c413f5ea0" title="Question 7">
        <itemmetadata>
          <qtimetadata>
            <qtimetadatafield>
              <fieldlabel>question_type</fieldlabel>
              <fieldentry>true_false_question</fieldentry>
            </qtimetadatafield>
            <qtimetadatafield>
              <fieldlabel>points_possible</fieldlabel>
              <fieldentry>1.0</fieldentry>
            </qtimetadatafield>
            <qtimetadatafield>
              <fieldlabel>original_answer_ids</fieldlabel>
              <fieldentry>true_choice,false_choice</fieldentry>
            </qtimetadatafield>
            <qtimetadatafield>
              <fieldlabel>assessment_question_identifierref</fieldlabel>
              <fieldentry>7d3c8592b66ba95e12ba2366567341ec</fieldentry>
            </qtimetadatafield>
            <qtimetadatafield>
              <fieldlabel>calculator_type</fieldlabel>
              <fieldentry>none</fieldentry>
            </qtimetadatafield>
          </qtimetadata>
        </itemmetadata>
        <presentation>
          <material>
            <mattext texttype="text/html">&lt;div&gt;Two variables X and Y have correlation value 0.278. That means, X and Y are surely linearly correlated.&amp;nbsp;&lt;/div&gt;</mattext>
          </material>
          <response_lid ident="response1" rcardinality="Single">
            <render_choice>
              <response_label ident="true_choice">
                <material>
                  <mattext texttype="text/html">True</mattext>
                </material>
              </response_label>
              <response_label ident="false_choice">
                <material>
                  <mattext texttype="text/html">False</mattext>
                </material>
              </response_label>
            </render_choice>
          </response_lid>
        </presentation>
        <resprocessing>
          <outcomes>
            <decvar maxvalue="100" minvalue="0" varname="SCORE" vartype="Decimal"/>
          </outcomes>
          <respcondition continue="No">
            <conditionvar>
              <varequal respident="response1">false_choice</varequal>
            </conditionvar>
            <setvar action="Set" varname="SCORE">100</setvar>
          </respcondition>
        </resprocessing>
      </item>
      <item ident="fb10518fa84ef2e6f546b676b1730fa1" title="Question 8">
        <itemmetadata>
          <qtimetadata>
            <qtimetadatafield>
              <fieldlabel>question_type</fieldlabel>
              <fieldentry>multiple_choice_question</fieldentry>
            </qtimetadatafield>
            <qtimetadatafield>
              <fieldlabel>points_possible</fieldlabel>
              <fieldentry>1.0</fieldentry>
            </qtimetadatafield>
            <qtimetadatafield>
              <fieldlabel>original_answer_ids</fieldlabel>
              <fieldentry>2889676c-09fa-4865-8b81-0cb999c33732,67179ac2-5d97-4a52-a99f-bf3caf9faf98</fieldentry>
            </qtimetadatafield>
            <qtimetadatafield>
              <fieldlabel>assessment_question_identifierref</fieldlabel>
              <fieldentry>849304baf9580c1e44a867168655743b</fieldentry>
            </qtimetadatafield>
            <qtimetadatafield>
              <fieldlabel>calculator_type</fieldlabel>
              <fieldentry>none</fieldentry>
            </qtimetadatafield>
          </qtimetadata>
        </itemmetadata>
        <presentation>
          <material>
            <mattext texttype="text/html">&lt;div&gt;
&lt;p&gt;Consider Breast Cancer data (Topic2_EDA_4.pdf) which have variables "pmh.use" (Yes/No) and "cancer" (Absent/Present).&amp;nbsp; The contingency table of percentage is extracted from the lecture note and given below (please revise the&amp;nbsp;data and the values given in the data) before answering the question.&lt;/p&gt;
&lt;p&gt;&lt;img src="$IMS-CC-FILEBASE$/Uploaded Media/Picture5.png" alt="Picture5.png" data-old-link="/courses/80987/files/6794482/preview"&gt;&lt;/p&gt;
&lt;p&gt;What is the value 60.5% referring to?&lt;/p&gt;
&lt;/div&gt;</mattext>
          </material>
          <response_lid ident="response1" rcardinality="Single">
            <render_choice>
              <response_label ident="2889676c-09fa-4865-8b81-0cb999c33732">
                <material>
                  <mattext texttype="text/html">Percentage of not having cancer among PMH users</mattext>
                </material>
              </response_label>
              <response_label ident="67179ac2-5d97-4a52-a99f-bf3caf9faf98">
                <material>
                  <mattext texttype="text/html">Percentage of PMH users among those not having cancer</mattext>
                </material>
              </response_label>
            </render_choice>
          </response_lid>
        </presentation>
        <resprocessing>
          <outcomes>
            <decvar maxvalue="100" minvalue="0" varname="SCORE" vartype="Decimal"/>
          </outcomes>
          <respcondition continue="No">
            <conditionvar>
              <varequal respident="response1">2889676c-09fa-4865-8b81-0cb999c33732</varequal>
            </conditionvar>
            <setvar action="Set" varname="SCORE">100</setvar>
          </respcondition>
        </resprocessing>
      </item>
      <item ident="59e125700d5895e2ab6b053755009361" title="Question 9">
        <itemmetadata>
          <qtimetadata>
            <qtimetadatafield>
              <fieldlabel>question_type</fieldlabel>
              <fieldentry>multiple_answers_question</fieldentry>
            </qtimetadatafield>
            <qtimetadatafield>
              <fieldlabel>points_possible</fieldlabel>
              <fieldentry>1.0</fieldentry>
            </qtimetadatafield>
            <qtimetadatafield>
              <fieldlabel>original_answer_ids</fieldlabel>
              <fieldentry>05ec1e92-f019-49a2-b890-986ed440276f,3036ce93-b3af-45c1-8283-9e067d792543,6f5359f1-fca8-4936-8618-9dc46a2d2cad</fieldentry>
            </qtimetadatafield>
            <qtimetadatafield>
              <fieldlabel>assessment_question_identifierref</fieldlabel>
              <fieldentry>ba81f35a319262dd5e2959b58ec7d37a</fieldentry>
            </qtimetadatafield>
            <qtimetadatafield>
              <fieldlabel>calculator_type</fieldlabel>
              <fieldentry>none</fieldentry>
            </qtimetadatafield>
            <qtimetadatafield>
              <fieldlabel>scoring_algorithm</fieldlabel>
              <fieldentry>PartialScore</fieldentry>
            </qtimetadatafield>
          </qtimetadata>
        </itemmetadata>
        <presentation>
          <material>
            <mattext texttype="text/html">&lt;div&gt;
&lt;p&gt;Consider Breast Cancer data (Topic2_EDA_4.pdf) which have variables "pmh.use" (Yes/No) and "cancer" (Absent/Present).&amp;nbsp; The contingency table of percentage is extracted from the lecture note and given below (please revise the&amp;nbsp;data and the values given in the data) before answering the question.&lt;/p&gt;
&lt;p&gt;&lt;img id="5699553" src="$IMS-CC-FILEBASE$/Uploaded Media/Picture5.png" alt="Picture5.png" data-old-link="/courses/80987/files/6794482/preview"&gt;&lt;/p&gt;
&lt;p&gt;If the researchers want to investigate if using PMH would increase the chance of having breast cancer, then which pair of percentages should they compare?&lt;/p&gt;
&lt;/div&gt;</mattext>
          </material>
          <response_lid ident="response1" rcardinality="Multiple">
            <render_choice>
              <response_label ident="05ec1e92-f019-49a2-b890-986ed440276f">
                <material>
                  <mattext texttype="text/html">Percentage of having cancer among PMH users</mattext>
                </material>
              </response_label>
              <response_label ident="3036ce93-b3af-45c1-8283-9e067d792543">
                <material>
                  <mattext texttype="text/html">Percentage of not having cancer among PMH users</mattext>
                </material>
              </response_label>
              <response_label ident="6f5359f1-fca8-4936-8618-9dc46a2d2cad">
                <material>
                  <mattext texttype="text/html">Percentage of having cancer among non-PMH users</mattext>
                </material>
              </response_label>
            </render_choice>
          </response_lid>
        </presentation>
        <resprocessing>
          <outcomes>
            <decvar maxvalue="100" minvalue="0" varname="SCORE" vartype="Decimal"/>
          </outcomes>
          <respcondition continue="No">
            <conditionvar>
              <and>
                <varequal respident="response1">05ec1e92-f019-49a2-b890-986ed440276f</varequal>
                <varequal respident="response1">6f5359f1-fca8-4936-8618-9dc46a2d2cad</varequal>
                <not>
                  <varequal respident="response1">3036ce93-b3af-45c1-8283-9e067d792543</varequal>
                </not>
              </and>
            </conditionvar>
            <setvar action="Set" varname="SCORE">100</setvar>
          </respcondition>
        </resprocessing>
      </item>
    </section>
  </assessment>
</questestinterop>
