<?xml version="1.0" encoding="UTF-8"?>
<quiz identifier="g423003ef634a6d05085d1d699e323333" xmlns="http://canvas.instructure.com/xsd/cccv1p0" xmlns:xsi="http://www.w3.org/2001/XMLSchema-instance" xsi:schemaLocation="http://canvas.instructure.com/xsd/cccv1p0 https://canvas.instructure.com/xsd/cccv1p0.xsd">
  <title>Final Practice</title>
  <description>&lt;ul&gt;
&lt;li&gt;The format of this practice exam is:
&lt;ul&gt;
&lt;li&gt;10 MCQ/True-False&lt;/li&gt;
&lt;li&gt;5 short-answer questions&lt;/li&gt;
&lt;/ul&gt;
&lt;/li&gt;
&lt;li&gt;The final exam will have a similar format, again on Examplify. The final will be closed internet, open-book, just like the mid-term. I will share more details soon.&lt;/li&gt;
&lt;li&gt;Some of the short-answer questions have been set as Fill-in-the-blanks. In the actual exam, it will be an Essay question, and you would have more space to enter your answers. I couldn't seem to set it as an Essay question here in Canvas.&lt;/li&gt;
&lt;li&gt;The question with SAS output has no solution provided. Try it out on your own please :)&lt;/li&gt;
&lt;li&gt;You can submit this quiz multiple times, until May 9 2359hrs. You should see the solutions once you submit.&lt;/li&gt;
&lt;li&gt;Good luck in your exams!&lt;/li&gt;
&lt;/ul&gt;</description>
  <lock_at>2025-05-09T15:59:00</lock_at>
  <shuffle_answers>true</shuffle_answers>
  <scoring_policy>keep_highest</scoring_policy>
  <hide_results></hide_results>
  <quiz_type>practice_quiz</quiz_type>
  <points_possible>28.0</points_possible>
  <require_lockdown_browser>false</require_lockdown_browser>
  <require_lockdown_browser_for_results>false</require_lockdown_browser_for_results>
  <require_lockdown_browser_monitor>false</require_lockdown_browser_monitor>
  <lockdown_browser_monitor_data></lockdown_browser_monitor_data>
  <show_correct_answers>true</show_correct_answers>
  <anonymous_submissions>false</anonymous_submissions>
  <could_be_locked>true</could_be_locked>
  <disable_timer_autosubmission>false</disable_timer_autosubmission>
  <allowed_attempts>-1</allowed_attempts>
  <one_question_at_a_time>false</one_question_at_a_time>
  <cant_go_back>false</cant_go_back>
  <available>true</available>
  <one_time_results>false</one_time_results>
  <show_correct_answers_last_attempt>false</show_correct_answers_last_attempt>
  <only_visible_to_overrides>false</only_visible_to_overrides>
  <module_locked>false</module_locked>
  <assignment_group_identifierref>g35dd43d6da3dbb3bf6e2b7e8a3e7934c</assignment_group_identifierref>
  <assignment_overrides>
  </assignment_overrides>
</quiz>
