<?xml version="1.0"?>
<questestinterop xmlns="http://www.imsglobal.org/xsd/ims_qtiasiv1p2" xmlns:xsi="http://www.w3.org/2001/XMLSchema-instance" xsi:schemaLocation="http://www.imsglobal.org/xsd/ims_qtiasiv1p2 http://www.imsglobal.org/xsd/ims_qtiasiv1p2p1.xsd">
  <assessment ident="g833646c3752a9b84a0dfcc2923221b15" title="Quiz 7" external_assignment_id="214500000000187319">
    <qtimetadata>
      <qtimetadatafield>
        <fieldlabel>cc_maxattempts</fieldlabel>
        <fieldentry>1</fieldentry>
      </qtimetadatafield>
    </qtimetadata>
    <section ident="root_section">
      <item ident="46f329da0759707157cc44bb924ded23" title="Question 1">
        <itemmetadata>
          <qtimetadata>
            <qtimetadatafield>
              <fieldlabel>question_type</fieldlabel>
              <fieldentry>true_false_question</fieldentry>
            </qtimetadatafield>
            <qtimetadatafield>
              <fieldlabel>points_possible</fieldlabel>
              <fieldentry>1.0</fieldentry>
            </qtimetadatafield>
            <qtimetadatafield>
              <fieldlabel>original_answer_ids</fieldlabel>
              <fieldentry>true_choice,false_choice</fieldentry>
            </qtimetadatafield>
            <qtimetadatafield>
              <fieldlabel>assessment_question_identifierref</fieldlabel>
              <fieldentry>964d22a75fd4bb6d6b90de5579d88c2f</fieldentry>
            </qtimetadatafield>
            <qtimetadatafield>
              <fieldlabel>calculator_type</fieldlabel>
              <fieldentry>none</fieldentry>
            </qtimetadatafield>
          </qtimetadata>
        </itemmetadata>
        <presentation>
          <material>
            <mattext texttype="text/html">&lt;div&gt;Margin of error is another name for the standard error.&lt;/div&gt;</mattext>
          </material>
          <response_lid ident="response1" rcardinality="Single">
            <render_choice>
              <response_label ident="true_choice">
                <material>
                  <mattext texttype="text/html">True</mattext>
                </material>
              </response_label>
              <response_label ident="false_choice">
                <material>
                  <mattext texttype="text/html">False</mattext>
                </material>
              </response_label>
            </render_choice>
          </response_lid>
        </presentation>
        <resprocessing>
          <outcomes>
            <decvar maxvalue="100" minvalue="0" varname="SCORE" vartype="Decimal"/>
          </outcomes>
          <respcondition continue="No">
            <conditionvar>
              <varequal respident="response1">false_choice</varequal>
            </conditionvar>
            <setvar action="Set" varname="SCORE">100</setvar>
          </respcondition>
        </resprocessing>
      </item>
      <item ident="d3a8b019479339c5ab5b16e281c5f601" title="Question 2">
        <itemmetadata>
          <qtimetadata>
            <qtimetadatafield>
              <fieldlabel>question_type</fieldlabel>
              <fieldentry>true_false_question</fieldentry>
            </qtimetadatafield>
            <qtimetadatafield>
              <fieldlabel>points_possible</fieldlabel>
              <fieldentry>1.0</fieldentry>
            </qtimetadatafield>
            <qtimetadatafield>
              <fieldlabel>original_answer_ids</fieldlabel>
              <fieldentry>true_choice,false_choice</fieldentry>
            </qtimetadatafield>
            <qtimetadatafield>
              <fieldlabel>assessment_question_identifierref</fieldlabel>
              <fieldentry>40664ef2c2267faf0054ada52c6ee306</fieldentry>
            </qtimetadatafield>
            <qtimetadatafield>
              <fieldlabel>calculator_type</fieldlabel>
              <fieldentry>none</fieldentry>
            </qtimetadatafield>
          </qtimetadata>
        </itemmetadata>
        <presentation>
          <material>
            <mattext texttype="text/html">&lt;div&gt;Margin of error is used in interval estimate to produce a confidence interval.&lt;/div&gt;</mattext>
          </material>
          <response_lid ident="response1" rcardinality="Single">
            <render_choice>
              <response_label ident="true_choice">
                <material>
                  <mattext texttype="text/html">True</mattext>
                </material>
              </response_label>
              <response_label ident="false_choice">
                <material>
                  <mattext texttype="text/html">False</mattext>
                </material>
              </response_label>
            </render_choice>
          </response_lid>
        </presentation>
        <resprocessing>
          <outcomes>
            <decvar maxvalue="100" minvalue="0" varname="SCORE" vartype="Decimal"/>
          </outcomes>
          <respcondition continue="No">
            <conditionvar>
              <varequal respident="response1">true_choice</varequal>
            </conditionvar>
            <setvar action="Set" varname="SCORE">100</setvar>
          </respcondition>
        </resprocessing>
      </item>
      <item ident="27bf371ca8e3b68177391faeac0f3ff2" title="Question 3">
        <itemmetadata>
          <qtimetadata>
            <qtimetadatafield>
              <fieldlabel>question_type</fieldlabel>
              <fieldentry>true_false_question</fieldentry>
            </qtimetadatafield>
            <qtimetadatafield>
              <fieldlabel>points_possible</fieldlabel>
              <fieldentry>1.0</fieldentry>
            </qtimetadatafield>
            <qtimetadatafield>
              <fieldlabel>original_answer_ids</fieldlabel>
              <fieldentry>true_choice,false_choice</fieldentry>
            </qtimetadatafield>
            <qtimetadatafield>
              <fieldlabel>assessment_question_identifierref</fieldlabel>
              <fieldentry>d0305755e84b28b72c8d11ce365666b1</fieldentry>
            </qtimetadatafield>
            <qtimetadatafield>
              <fieldlabel>calculator_type</fieldlabel>
              <fieldentry>none</fieldentry>
            </qtimetadatafield>
          </qtimetadata>
        </itemmetadata>
        <presentation>
          <material>
            <mattext texttype="text/html">&lt;div&gt;Margin of error is a multiple of the standard error.&lt;/div&gt;</mattext>
          </material>
          <response_lid ident="response1" rcardinality="Single">
            <render_choice>
              <response_label ident="true_choice">
                <material>
                  <mattext texttype="text/html">True</mattext>
                </material>
              </response_label>
              <response_label ident="false_choice">
                <material>
                  <mattext texttype="text/html">False</mattext>
                </material>
              </response_label>
            </render_choice>
          </response_lid>
        </presentation>
        <resprocessing>
          <outcomes>
            <decvar maxvalue="100" minvalue="0" varname="SCORE" vartype="Decimal"/>
          </outcomes>
          <respcondition continue="No">
            <conditionvar>
              <varequal respident="response1">true_choice</varequal>
            </conditionvar>
            <setvar action="Set" varname="SCORE">100</setvar>
          </respcondition>
        </resprocessing>
      </item>
      <item ident="ff555ed48597bf6191bd11b4d5894c2c" title="Question 4">
        <itemmetadata>
          <qtimetadata>
            <qtimetadatafield>
              <fieldlabel>question_type</fieldlabel>
              <fieldentry>true_false_question</fieldentry>
            </qtimetadatafield>
            <qtimetadatafield>
              <fieldlabel>points_possible</fieldlabel>
              <fieldentry>1.0</fieldentry>
            </qtimetadatafield>
            <qtimetadatafield>
              <fieldlabel>original_answer_ids</fieldlabel>
              <fieldentry>true_choice,false_choice</fieldentry>
            </qtimetadatafield>
            <qtimetadatafield>
              <fieldlabel>assessment_question_identifierref</fieldlabel>
              <fieldentry>a864a8bb5586f2a72150b41876bf9455</fieldentry>
            </qtimetadatafield>
            <qtimetadatafield>
              <fieldlabel>calculator_type</fieldlabel>
              <fieldentry>none</fieldentry>
            </qtimetadatafield>
          </qtimetadata>
        </itemmetadata>
        <presentation>
          <material>
            <mattext texttype="text/html">&lt;div&gt;We can use margin of error to gauge how close an estimate is likely to the parameter.&lt;/div&gt;</mattext>
          </material>
          <response_lid ident="response1" rcardinality="Single">
            <render_choice>
              <response_label ident="true_choice">
                <material>
                  <mattext texttype="text/html">True</mattext>
                </material>
              </response_label>
              <response_label ident="false_choice">
                <material>
                  <mattext texttype="text/html">False</mattext>
                </material>
              </response_label>
            </render_choice>
          </response_lid>
        </presentation>
        <resprocessing>
          <outcomes>
            <decvar maxvalue="100" minvalue="0" varname="SCORE" vartype="Decimal"/>
          </outcomes>
          <respcondition continue="No">
            <conditionvar>
              <varequal respident="response1">true_choice</varequal>
            </conditionvar>
            <setvar action="Set" varname="SCORE">100</setvar>
          </respcondition>
        </resprocessing>
      </item>
      <item ident="01d7d7087f5d9844f88c7d7e6f2e8bc3" title="Question 5">
        <itemmetadata>
          <qtimetadata>
            <qtimetadatafield>
              <fieldlabel>question_type</fieldlabel>
              <fieldentry>true_false_question</fieldentry>
            </qtimetadatafield>
            <qtimetadatafield>
              <fieldlabel>points_possible</fieldlabel>
              <fieldentry>1.0</fieldentry>
            </qtimetadatafield>
            <qtimetadatafield>
              <fieldlabel>original_answer_ids</fieldlabel>
              <fieldentry>true_choice,false_choice</fieldentry>
            </qtimetadatafield>
            <qtimetadatafield>
              <fieldlabel>assessment_question_identifierref</fieldlabel>
              <fieldentry>282a6c7d0c9eb0c165fb5922237a7525</fieldentry>
            </qtimetadatafield>
            <qtimetadatafield>
              <fieldlabel>calculator_type</fieldlabel>
              <fieldentry>none</fieldentry>
            </qtimetadatafield>
          </qtimetadata>
        </itemmetadata>
        <presentation>
          <material>
            <mattext texttype="text/html">&lt;div&gt;The margin of error is dependent on the population size.&lt;/div&gt;</mattext>
          </material>
          <response_lid ident="response1" rcardinality="Single">
            <render_choice>
              <response_label ident="true_choice">
                <material>
                  <mattext texttype="text/html">True</mattext>
                </material>
              </response_label>
              <response_label ident="false_choice">
                <material>
                  <mattext texttype="text/html">False</mattext>
                </material>
              </response_label>
            </render_choice>
          </response_lid>
        </presentation>
        <resprocessing>
          <outcomes>
            <decvar maxvalue="100" minvalue="0" varname="SCORE" vartype="Decimal"/>
          </outcomes>
          <respcondition continue="No">
            <conditionvar>
              <varequal respident="response1">false_choice</varequal>
            </conditionvar>
            <setvar action="Set" varname="SCORE">100</setvar>
          </respcondition>
        </resprocessing>
      </item>
      <item ident="41c98fe12c8610d2d767c6e2e2250aea" title="Question 6">
        <itemmetadata>
          <qtimetadata>
            <qtimetadatafield>
              <fieldlabel>question_type</fieldlabel>
              <fieldentry>true_false_question</fieldentry>
            </qtimetadatafield>
            <qtimetadatafield>
              <fieldlabel>points_possible</fieldlabel>
              <fieldentry>1.0</fieldentry>
            </qtimetadatafield>
            <qtimetadatafield>
              <fieldlabel>original_answer_ids</fieldlabel>
              <fieldentry>true_choice,false_choice</fieldentry>
            </qtimetadatafield>
            <qtimetadatafield>
              <fieldlabel>assessment_question_identifierref</fieldlabel>
              <fieldentry>220dd95c059a1a8d3dc5a73618a9dd3e</fieldentry>
            </qtimetadatafield>
            <qtimetadatafield>
              <fieldlabel>calculator_type</fieldlabel>
              <fieldentry>none</fieldentry>
            </qtimetadatafield>
          </qtimetadata>
        </itemmetadata>
        <presentation>
          <material>
            <mattext texttype="text/html">&lt;div&gt;The margin of error is dependent on the variability of the variable.&lt;/div&gt;</mattext>
          </material>
          <response_lid ident="response1" rcardinality="Single">
            <render_choice>
              <response_label ident="true_choice">
                <material>
                  <mattext texttype="text/html">True</mattext>
                </material>
              </response_label>
              <response_label ident="false_choice">
                <material>
                  <mattext texttype="text/html">False</mattext>
                </material>
              </response_label>
            </render_choice>
          </response_lid>
        </presentation>
        <resprocessing>
          <outcomes>
            <decvar maxvalue="100" minvalue="0" varname="SCORE" vartype="Decimal"/>
          </outcomes>
          <respcondition continue="No">
            <conditionvar>
              <varequal respident="response1">true_choice</varequal>
            </conditionvar>
            <setvar action="Set" varname="SCORE">100</setvar>
          </respcondition>
        </resprocessing>
      </item>
      <item ident="526f3d395cdba13b68e67e2445876d9c" title="Question 7">
        <itemmetadata>
          <qtimetadata>
            <qtimetadatafield>
              <fieldlabel>question_type</fieldlabel>
              <fieldentry>true_false_question</fieldentry>
            </qtimetadatafield>
            <qtimetadatafield>
              <fieldlabel>points_possible</fieldlabel>
              <fieldentry>1.0</fieldentry>
            </qtimetadatafield>
            <qtimetadatafield>
              <fieldlabel>original_answer_ids</fieldlabel>
              <fieldentry>true_choice,false_choice</fieldentry>
            </qtimetadatafield>
            <qtimetadatafield>
              <fieldlabel>assessment_question_identifierref</fieldlabel>
              <fieldentry>69ed88537cbc6d3849f9f431c1068157</fieldentry>
            </qtimetadatafield>
            <qtimetadatafield>
              <fieldlabel>calculator_type</fieldlabel>
              <fieldentry>none</fieldentry>
            </qtimetadatafield>
          </qtimetadata>
        </itemmetadata>
        <presentation>
          <material>
            <mattext texttype="text/html">&lt;div&gt;The margin of error is dependent on the sample size.&lt;/div&gt;</mattext>
          </material>
          <response_lid ident="response1" rcardinality="Single">
            <render_choice>
              <response_label ident="true_choice">
                <material>
                  <mattext texttype="text/html">True</mattext>
                </material>
              </response_label>
              <response_label ident="false_choice">
                <material>
                  <mattext texttype="text/html">False</mattext>
                </material>
              </response_label>
            </render_choice>
          </response_lid>
        </presentation>
        <resprocessing>
          <outcomes>
            <decvar maxvalue="100" minvalue="0" varname="SCORE" vartype="Decimal"/>
          </outcomes>
          <respcondition continue="No">
            <conditionvar>
              <varequal respident="response1">true_choice</varequal>
            </conditionvar>
            <setvar action="Set" varname="SCORE">100</setvar>
          </respcondition>
        </resprocessing>
      </item>
      <item ident="761923246584cac172ecb98b622733e8" title="Question 8">
        <itemmetadata>
          <qtimetadata>
            <qtimetadatafield>
              <fieldlabel>question_type</fieldlabel>
              <fieldentry>true_false_question</fieldentry>
            </qtimetadatafield>
            <qtimetadatafield>
              <fieldlabel>points_possible</fieldlabel>
              <fieldentry>1.0</fieldentry>
            </qtimetadatafield>
            <qtimetadatafield>
              <fieldlabel>original_answer_ids</fieldlabel>
              <fieldentry>true_choice,false_choice</fieldentry>
            </qtimetadatafield>
            <qtimetadatafield>
              <fieldlabel>assessment_question_identifierref</fieldlabel>
              <fieldentry>850f863602ca434c80ea7728843c418b</fieldentry>
            </qtimetadatafield>
            <qtimetadatafield>
              <fieldlabel>calculator_type</fieldlabel>
              <fieldentry>none</fieldentry>
            </qtimetadatafield>
          </qtimetadata>
        </itemmetadata>
        <presentation>
          <material>
            <mattext texttype="text/html">&lt;div&gt;The margin of error is dependent on the confidence level.&lt;/div&gt;</mattext>
          </material>
          <response_lid ident="response1" rcardinality="Single">
            <render_choice>
              <response_label ident="true_choice">
                <material>
                  <mattext texttype="text/html">True</mattext>
                </material>
              </response_label>
              <response_label ident="false_choice">
                <material>
                  <mattext texttype="text/html">False</mattext>
                </material>
              </response_label>
            </render_choice>
          </response_lid>
        </presentation>
        <resprocessing>
          <outcomes>
            <decvar maxvalue="100" minvalue="0" varname="SCORE" vartype="Decimal"/>
          </outcomes>
          <respcondition continue="No">
            <conditionvar>
              <varequal respident="response1">true_choice</varequal>
            </conditionvar>
            <setvar action="Set" varname="SCORE">100</setvar>
          </respcondition>
        </resprocessing>
      </item>
      <item ident="16ea0ca64c09742cdd6e882cc6190c55" title="Question 9">
        <itemmetadata>
          <qtimetadata>
            <qtimetadatafield>
              <fieldlabel>question_type</fieldlabel>
              <fieldentry>true_false_question</fieldentry>
            </qtimetadatafield>
            <qtimetadatafield>
              <fieldlabel>points_possible</fieldlabel>
              <fieldentry>1.0</fieldentry>
            </qtimetadatafield>
            <qtimetadatafield>
              <fieldlabel>original_answer_ids</fieldlabel>
              <fieldentry>true_choice,false_choice</fieldentry>
            </qtimetadatafield>
            <qtimetadatafield>
              <fieldlabel>assessment_question_identifierref</fieldlabel>
              <fieldentry>4898fc77a79516ec50e7a9a9da811918</fieldentry>
            </qtimetadatafield>
            <qtimetadatafield>
              <fieldlabel>calculator_type</fieldlabel>
              <fieldentry>none</fieldentry>
            </qtimetadatafield>
          </qtimetadata>
        </itemmetadata>
        <presentation>
          <material>
            <mattext texttype="text/html">&lt;div&gt;At a fixed sample size, a higher confidence level results in a smaller margin of error.&lt;/div&gt;</mattext>
          </material>
          <response_lid ident="response1" rcardinality="Single">
            <render_choice>
              <response_label ident="true_choice">
                <material>
                  <mattext texttype="text/html">True</mattext>
                </material>
              </response_label>
              <response_label ident="false_choice">
                <material>
                  <mattext texttype="text/html">False</mattext>
                </material>
              </response_label>
            </render_choice>
          </response_lid>
        </presentation>
        <resprocessing>
          <outcomes>
            <decvar maxvalue="100" minvalue="0" varname="SCORE" vartype="Decimal"/>
          </outcomes>
          <respcondition continue="No">
            <conditionvar>
              <varequal respident="response1">false_choice</varequal>
            </conditionvar>
            <setvar action="Set" varname="SCORE">100</setvar>
          </respcondition>
        </resprocessing>
      </item>
      <item ident="102d4f214ae2578511fac38b0094c83d" title="Question 10">
        <itemmetadata>
          <qtimetadata>
            <qtimetadatafield>
              <fieldlabel>question_type</fieldlabel>
              <fieldentry>true_false_question</fieldentry>
            </qtimetadatafield>
            <qtimetadatafield>
              <fieldlabel>points_possible</fieldlabel>
              <fieldentry>1.0</fieldentry>
            </qtimetadatafield>
            <qtimetadatafield>
              <fieldlabel>original_answer_ids</fieldlabel>
              <fieldentry>true_choice,false_choice</fieldentry>
            </qtimetadatafield>
            <qtimetadatafield>
              <fieldlabel>assessment_question_identifierref</fieldlabel>
              <fieldentry>5cf97565c165b1ace70fd23f161e856b</fieldentry>
            </qtimetadatafield>
            <qtimetadatafield>
              <fieldlabel>calculator_type</fieldlabel>
              <fieldentry>none</fieldentry>
            </qtimetadatafield>
          </qtimetadata>
        </itemmetadata>
        <presentation>
          <material>
            <mattext texttype="text/html">&lt;div&gt;At a fixed confidence level, a smaller sample size produces a confidence interval with a bigger margin of error.&lt;/div&gt;</mattext>
          </material>
          <response_lid ident="response1" rcardinality="Single">
            <render_choice>
              <response_label ident="true_choice">
                <material>
                  <mattext texttype="text/html">True</mattext>
                </material>
              </response_label>
              <response_label ident="false_choice">
                <material>
                  <mattext texttype="text/html">False</mattext>
                </material>
              </response_label>
            </render_choice>
          </response_lid>
        </presentation>
        <resprocessing>
          <outcomes>
            <decvar maxvalue="100" minvalue="0" varname="SCORE" vartype="Decimal"/>
          </outcomes>
          <respcondition continue="No">
            <conditionvar>
              <varequal respident="response1">true_choice</varequal>
            </conditionvar>
            <setvar action="Set" varname="SCORE">100</setvar>
          </respcondition>
        </resprocessing>
      </item>
      <item ident="5b9eff800259c7755d8567cb645209ad" title="Question 11">
        <itemmetadata>
          <qtimetadata>
            <qtimetadatafield>
              <fieldlabel>question_type</fieldlabel>
              <fieldentry>true_false_question</fieldentry>
            </qtimetadatafield>
            <qtimetadatafield>
              <fieldlabel>points_possible</fieldlabel>
              <fieldentry>1.0</fieldentry>
            </qtimetadatafield>
            <qtimetadatafield>
              <fieldlabel>original_answer_ids</fieldlabel>
              <fieldentry>true_choice,false_choice</fieldentry>
            </qtimetadatafield>
            <qtimetadatafield>
              <fieldlabel>assessment_question_identifierref</fieldlabel>
              <fieldentry>8ff5f03e6e12a79e03d96336b77b5f3f</fieldentry>
            </qtimetadatafield>
            <qtimetadatafield>
              <fieldlabel>calculator_type</fieldlabel>
              <fieldentry>none</fieldentry>
            </qtimetadatafield>
          </qtimetadata>
        </itemmetadata>
        <presentation>
          <material>
            <mattext texttype="text/html">&lt;div&gt;The &lt;em&gt;t&lt;/em&gt; distribution has the same mean as any normal random variable.&lt;/div&gt;</mattext>
          </material>
          <response_lid ident="response1" rcardinality="Single">
            <render_choice>
              <response_label ident="true_choice">
                <material>
                  <mattext texttype="text/html">True</mattext>
                </material>
              </response_label>
              <response_label ident="false_choice">
                <material>
                  <mattext texttype="text/html">False</mattext>
                </material>
              </response_label>
            </render_choice>
          </response_lid>
        </presentation>
        <resprocessing>
          <outcomes>
            <decvar maxvalue="100" minvalue="0" varname="SCORE" vartype="Decimal"/>
          </outcomes>
          <respcondition continue="No">
            <conditionvar>
              <varequal respident="response1">false_choice</varequal>
            </conditionvar>
            <setvar action="Set" varname="SCORE">100</setvar>
          </respcondition>
        </resprocessing>
      </item>
      <item ident="c528ff13f7f4d7cf6e3fc9f0b7f8d564" title="Question 12">
        <itemmetadata>
          <qtimetadata>
            <qtimetadatafield>
              <fieldlabel>question_type</fieldlabel>
              <fieldentry>fill_in_multiple_blanks_question</fieldentry>
            </qtimetadatafield>
            <qtimetadatafield>
              <fieldlabel>points_possible</fieldlabel>
              <fieldentry>1.0</fieldentry>
            </qtimetadatafield>
            <qtimetadatafield>
              <fieldlabel>original_answer_ids</fieldlabel>
              <fieldentry>["3bd9a203-2841-4076-a6b1-ed79683b577e", "224e12c0-9512-4a47-b82a-69691a7d27f1", "00260c81-d323-44b5-a93a-6a8ea25e9123", "3348638e-6df0-42df-9f37-b60a64fbf1ad", "b282c0ce-77cb-4271-b33e-d1a51dd6591d", "d3a9a921-b1f4-4dbb-86ea-dac29ce2a866"]</fieldentry>
            </qtimetadatafield>
            <qtimetadatafield>
              <fieldlabel>assessment_question_identifierref</fieldlabel>
              <fieldentry>10e7c520e250426e9a4a4a2a929b6172</fieldentry>
            </qtimetadatafield>
            <qtimetadatafield>
              <fieldlabel>calculator_type</fieldlabel>
              <fieldentry>none</fieldentry>
            </qtimetadatafield>
          </qtimetadata>
        </itemmetadata>
        <presentation>
          <material>
            <mattext texttype="text/html">&lt;div&gt;
&lt;p&gt;The&lt;em&gt; t&lt;/em&gt; distribution is [887e8992-1fcd-4c8c-ad48-6f264969653c] spread out for larger &lt;em&gt;df&lt;/em&gt;.&lt;/p&gt;
&lt;p&gt;The&lt;em&gt; t&lt;/em&gt; distribution has [41900d80-1bef-4064-90e2-13f86ef07ec5] tails as the &lt;em&gt;df&lt;/em&gt; increase.&lt;/p&gt;
&lt;p&gt;The [76f03a2c-0a7f-4e2b-995b-0a0449149f2c]&amp;nbsp;the &lt;em&gt;df&lt;/em&gt;, the closer a &lt;em&gt;t&lt;/em&gt; distribution gets to the standard normal distribution.&lt;/p&gt;
&lt;/div&gt;</mattext>
          </material>
          <response_lid ident="response_887e8992-1fcd-4c8c-ad48-6f264969653c">
            <material>
              <mattext>less</mattext>
            </material>
            <render_choice>
              <response_label scoring_algorithm="Equivalence" answer_type="dropdown" ident="3bd9a203-2841-4076-a6b1-ed79683b577e" position="1">
                <material>
                  <mattext texttype="text/plain">more</mattext>
                </material>
              </response_label>
              <response_label scoring_algorithm="Equivalence" answer_type="dropdown" ident="224e12c0-9512-4a47-b82a-69691a7d27f1" position="2">
                <material>
                  <mattext texttype="text/plain">less</mattext>
                </material>
              </response_label>
            </render_choice>
          </response_lid>
          <response_lid ident="response_41900d80-1bef-4064-90e2-13f86ef07ec5">
            <material>
              <mattext>thinner</mattext>
            </material>
            <render_choice>
              <response_label scoring_algorithm="Equivalence" answer_type="dropdown" ident="00260c81-d323-44b5-a93a-6a8ea25e9123" position="1">
                <material>
                  <mattext texttype="text/plain">thicker</mattext>
                </material>
              </response_label>
              <response_label scoring_algorithm="Equivalence" answer_type="dropdown" ident="3348638e-6df0-42df-9f37-b60a64fbf1ad" position="2">
                <material>
                  <mattext texttype="text/plain">thinner</mattext>
                </material>
              </response_label>
            </render_choice>
          </response_lid>
          <response_lid ident="response_76f03a2c-0a7f-4e2b-995b-0a0449149f2c">
            <material>
              <mattext>larger</mattext>
            </material>
            <render_choice>
              <response_label scoring_algorithm="Equivalence" answer_type="dropdown" ident="b282c0ce-77cb-4271-b33e-d1a51dd6591d" position="1">
                <material>
                  <mattext texttype="text/plain">larger</mattext>
                </material>
              </response_label>
              <response_label scoring_algorithm="Equivalence" answer_type="dropdown" ident="d3a9a921-b1f4-4dbb-86ea-dac29ce2a866" position="2">
                <material>
                  <mattext texttype="text/plain">smaller</mattext>
                </material>
              </response_label>
            </render_choice>
          </response_lid>
        </presentation>
        <resprocessing>
          <outcomes>
            <decvar maxvalue="100" minvalue="0" varname="SCORE" vartype="Decimal"/>
          </outcomes>
          <respcondition>
            <conditionvar>
              <varequal respident="response_887e8992-1fcd-4c8c-ad48-6f264969653c">224e12c0-9512-4a47-b82a-69691a7d27f1</varequal>
            </conditionvar>
            <setvar action="Add" varname="SCORE">33.33</setvar>
          </respcondition>
          <respcondition>
            <conditionvar>
              <varequal respident="response_41900d80-1bef-4064-90e2-13f86ef07ec5">3348638e-6df0-42df-9f37-b60a64fbf1ad</varequal>
            </conditionvar>
            <setvar action="Add" varname="SCORE">33.33</setvar>
          </respcondition>
          <respcondition>
            <conditionvar>
              <varequal respident="response_76f03a2c-0a7f-4e2b-995b-0a0449149f2c">b282c0ce-77cb-4271-b33e-d1a51dd6591d</varequal>
            </conditionvar>
            <setvar action="Add" varname="SCORE">33.33</setvar>
          </respcondition>
        </resprocessing>
      </item>
      <item ident="b2a95e27927f981b7f78522bdc20eebc" title="Question 13">
        <itemmetadata>
          <qtimetadata>
            <qtimetadatafield>
              <fieldlabel>question_type</fieldlabel>
              <fieldentry>numerical_question</fieldentry>
            </qtimetadatafield>
            <qtimetadatafield>
              <fieldlabel>points_possible</fieldlabel>
              <fieldentry>1.0</fieldentry>
            </qtimetadatafield>
            <qtimetadatafield>
              <fieldlabel>original_answer_ids</fieldlabel>
              <fieldentry>6cfaf57b-9e06-4d32-9669-86c76e46194f</fieldentry>
            </qtimetadatafield>
            <qtimetadatafield>
              <fieldlabel>assessment_question_identifierref</fieldlabel>
              <fieldentry>eedf0f2dc5dcf64b79d68037f35b8365</fieldentry>
            </qtimetadatafield>
            <qtimetadatafield>
              <fieldlabel>calculator_type</fieldlabel>
              <fieldentry>none</fieldentry>
            </qtimetadatafield>
          </qtimetadata>
        </itemmetadata>
        <presentation>
          <material>
            <mattext texttype="text/html">&lt;div&gt;Find the &lt;em&gt;df&lt;/em&gt; for inference about a population mean using a sample of 15 observations.&lt;/div&gt;</mattext>
          </material>
          <response_str ident="response1" rcardinality="Single">
            <render_fib fibtype="Decimal">
              <response_label ident="answer1"/>
            </render_fib>
          </response_str>
        </presentation>
        <resprocessing>
          <outcomes>
            <decvar maxvalue="100" minvalue="0" varname="SCORE" vartype="Decimal"/>
          </outcomes>
          <respcondition continue="No">
            <conditionvar>
              <or>
                <varequal respident="response1">14.0</varequal>
                <and>
                  <vargte respident="response1">14.0</vargte>
                  <varlte respident="response1">14.0</varlte>
                </and>
              </or>
            </conditionvar>
            <setvar action="Set" varname="SCORE">100</setvar>
          </respcondition>
        </resprocessing>
      </item>
      <item ident="77dceef8486fb869d74d930c55acef0e" title="Question 14">
        <itemmetadata>
          <qtimetadata>
            <qtimetadatafield>
              <fieldlabel>question_type</fieldlabel>
              <fieldentry>numerical_question</fieldentry>
            </qtimetadatafield>
            <qtimetadatafield>
              <fieldlabel>points_possible</fieldlabel>
              <fieldentry>1.0</fieldentry>
            </qtimetadatafield>
            <qtimetadatafield>
              <fieldlabel>original_answer_ids</fieldlabel>
              <fieldentry>ddcce3c9-88af-4b47-af49-3620446f6b96</fieldentry>
            </qtimetadatafield>
            <qtimetadatafield>
              <fieldlabel>assessment_question_identifierref</fieldlabel>
              <fieldentry>c949959726957aaee65c7fbe56f03b82</fieldentry>
            </qtimetadatafield>
            <qtimetadatafield>
              <fieldlabel>calculator_type</fieldlabel>
              <fieldentry>none</fieldentry>
            </qtimetadatafield>
          </qtimetadata>
        </itemmetadata>
        <presentation>
          <material>
            <mattext texttype="text/html">&lt;div&gt;For &lt;em&gt;t&lt;/em&gt; distribution with 10 degrees of freedom, what is the &lt;em&gt;t&lt;/em&gt;&#x2013;score that cuts off the top 5%? &lt;strong&gt;Give your answer to 3 decimal places.&lt;/strong&gt;
&lt;/div&gt;</mattext>
          </material>
          <response_str ident="response1" rcardinality="Single">
            <render_fib fibtype="Decimal">
              <response_label ident="answer1"/>
            </render_fib>
          </response_str>
        </presentation>
        <resprocessing>
          <outcomes>
            <decvar maxvalue="100" minvalue="0" varname="SCORE" vartype="Decimal"/>
          </outcomes>
          <respcondition continue="No">
            <conditionvar>
              <or>
                <varequal respident="response1">1.812</varequal>
                <and>
                  <vargte respident="response1">1.812</vargte>
                  <varlte respident="response1">1.812</varlte>
                </and>
              </or>
            </conditionvar>
            <setvar action="Set" varname="SCORE">100</setvar>
          </respcondition>
        </resprocessing>
      </item>
      <item ident="1bd2aaac2e9db9c04e824a0c09108173" title="Question 15">
        <itemmetadata>
          <qtimetadata>
            <qtimetadatafield>
              <fieldlabel>question_type</fieldlabel>
              <fieldentry>numerical_question</fieldentry>
            </qtimetadatafield>
            <qtimetadatafield>
              <fieldlabel>points_possible</fieldlabel>
              <fieldentry>1.0</fieldentry>
            </qtimetadatafield>
            <qtimetadatafield>
              <fieldlabel>original_answer_ids</fieldlabel>
              <fieldentry>03d929ab-bd1d-4ef0-9730-10179e35a8b0</fieldentry>
            </qtimetadatafield>
            <qtimetadatafield>
              <fieldlabel>assessment_question_identifierref</fieldlabel>
              <fieldentry>2d2cdeeb1e58e29825aa9b4754aa457e</fieldentry>
            </qtimetadatafield>
            <qtimetadatafield>
              <fieldlabel>calculator_type</fieldlabel>
              <fieldentry>none</fieldentry>
            </qtimetadatafield>
          </qtimetadata>
        </itemmetadata>
        <presentation>
          <material>
            <mattext texttype="text/html">&lt;div&gt;For &lt;em&gt;t&lt;/em&gt; distribution with 20 degrees of freedom, what is the &lt;em&gt;t&lt;/em&gt;&#x2013;score that cuts off the top 2.5%? &lt;strong&gt;Give your answer to 3 decimal places.&lt;/strong&gt;
&lt;/div&gt;</mattext>
          </material>
          <response_str ident="response1" rcardinality="Single">
            <render_fib fibtype="Decimal">
              <response_label ident="answer1"/>
            </render_fib>
          </response_str>
        </presentation>
        <resprocessing>
          <outcomes>
            <decvar maxvalue="100" minvalue="0" varname="SCORE" vartype="Decimal"/>
          </outcomes>
          <respcondition continue="No">
            <conditionvar>
              <or>
                <varequal respident="response1">2.086</varequal>
                <and>
                  <vargte respident="response1">2.086</vargte>
                  <varlte respident="response1">2.086</varlte>
                </and>
              </or>
            </conditionvar>
            <setvar action="Set" varname="SCORE">100</setvar>
          </respcondition>
        </resprocessing>
      </item>
      <item ident="2b19d6f5cab428f9ad7d11a9e1511fcf" title="Question 16">
        <itemmetadata>
          <qtimetadata>
            <qtimetadatafield>
              <fieldlabel>question_type</fieldlabel>
              <fieldentry>numerical_question</fieldentry>
            </qtimetadatafield>
            <qtimetadatafield>
              <fieldlabel>points_possible</fieldlabel>
              <fieldentry>1.0</fieldentry>
            </qtimetadatafield>
            <qtimetadatafield>
              <fieldlabel>original_answer_ids</fieldlabel>
              <fieldentry>298b35fd-e203-45b1-bd83-47e7035572cc</fieldentry>
            </qtimetadatafield>
            <qtimetadatafield>
              <fieldlabel>assessment_question_identifierref</fieldlabel>
              <fieldentry>f26f4da6ad530760c20ad4932db96f83</fieldentry>
            </qtimetadatafield>
            <qtimetadatafield>
              <fieldlabel>calculator_type</fieldlabel>
              <fieldentry>none</fieldentry>
            </qtimetadatafield>
          </qtimetadata>
        </itemmetadata>
        <presentation>
          <material>
            <mattext texttype="text/html">&lt;div&gt;For &lt;em&gt;t&lt;/em&gt; distribution with &lt;img class="equation_image" title="\infty " src="/equation_images/%255Cinfty%2520?scale=1" alt="LaTeX: \infty " data-equation-content="\infty " data-ignore-a11y-check=""&gt; degrees of freedom, what is the &lt;em&gt;t&lt;/em&gt;&#x2013;score that cuts off the bottom 5%? &lt;strong&gt;Give your answer to 3 decimal places.&lt;/strong&gt;
&lt;/div&gt;</mattext>
          </material>
          <response_str ident="response1" rcardinality="Single">
            <render_fib fibtype="Decimal">
              <response_label ident="answer1"/>
            </render_fib>
          </response_str>
        </presentation>
        <resprocessing>
          <outcomes>
            <decvar maxvalue="100" minvalue="0" varname="SCORE" vartype="Decimal"/>
          </outcomes>
          <respcondition continue="No">
            <conditionvar>
              <or>
                <varequal respident="response1">-1.645</varequal>
                <and>
                  <vargte respident="response1">-1.645</vargte>
                  <varlte respident="response1">-1.645</varlte>
                </and>
              </or>
            </conditionvar>
            <setvar action="Set" varname="SCORE">100</setvar>
          </respcondition>
        </resprocessing>
      </item>
      <item ident="8704101e478e304896716702ad893199" title="Question 17">
        <itemmetadata>
          <qtimetadata>
            <qtimetadatafield>
              <fieldlabel>question_type</fieldlabel>
              <fieldentry>fill_in_multiple_blanks_question</fieldentry>
            </qtimetadatafield>
            <qtimetadatafield>
              <fieldlabel>points_possible</fieldlabel>
              <fieldentry>1.0</fieldentry>
            </qtimetadatafield>
            <qtimetadatafield>
              <fieldlabel>original_answer_ids</fieldlabel>
              <fieldentry>["6aaadaed-8092-4e54-8913-8cdbe6b4ad01-0", "6aaadaed-8092-4e54-8913-8cdbe6b4ad01-1", "6aaadaed-8092-4e54-8913-8cdbe6b4ad01-2", "08baf654-b342-42d3-821e-b6c2098fe5db-0", "6b223acd-59a3-4e1c-bbb1-30dae65bef69-0", "a36c8c1a-985f-4bb3-a45a-06a9180bb57a-0", "01174be3-11e5-476e-a5a1-e3697ba5c31a-0"]</fieldentry>
            </qtimetadatafield>
            <qtimetadatafield>
              <fieldlabel>assessment_question_identifierref</fieldlabel>
              <fieldentry>ce32177aeaec0b58dcf9e87a3e98dc0c</fieldentry>
            </qtimetadatafield>
            <qtimetadatafield>
              <fieldlabel>calculator_type</fieldlabel>
              <fieldentry>none</fieldentry>
            </qtimetadatafield>
          </qtimetadata>
        </itemmetadata>
        <presentation>
          <material>
            <mattext texttype="text/html">&lt;div&gt;
&lt;p&gt;Researchers are interested in the effect of a certain nutrient on the growth rate of plant seedlings. Using a hydroponics grow procedure that utilized water containing the nutrient, they planted 25 tomato plants and recorded the heights of each plant 14 days after germination. Those heights, measured in millimeters have sample mean and sample standard deviation computed are 62.20 and 4.71 respectively. &lt;strong&gt;Give your answer to 3 decimal places.&lt;/strong&gt;&lt;/p&gt;
&lt;p&gt;&amp;nbsp;&lt;/p&gt;
&lt;p&gt;Find the point estimate of the population mean height of this variety of seedling 14 days after germination. [6aaadaed-8092-4e54-8913-8cdbe6b4ad01]&lt;/p&gt;
&lt;p&gt;&lt;em&gt;&lt;/em&gt;Find the multiplier for the standard error for a 95% confidence interval.&lt;em&gt; &lt;/em&gt;[08baf654-b342-42d3-821e-b6c2098fe5db]&lt;/p&gt;
&lt;p&gt;Find the margin of error for a 95% confidence interval. [6b223acd-59a3-4e1c-bbb1-30dae65bef69]&lt;/p&gt;
&lt;p&gt;Find the lower bound of the 95% confidence interval. [a36c8c1a-985f-4bb3-a45a-06a9180bb57a]&lt;/p&gt;
&lt;p&gt;Find the upper bound of the 95% confidence interval. [01174be3-11e5-476e-a5a1-e3697ba5c31a]&lt;/p&gt;
&lt;/div&gt;</mattext>
          </material>
          <response_lid ident="response_6aaadaed-8092-4e54-8913-8cdbe6b4ad01">
            <material>
              <mattext>62.2</mattext>
            </material>
            <render_choice>
              <response_label scoring_algorithm="TextInChoices" answer_type="openEntry" ident="6aaadaed-8092-4e54-8913-8cdbe6b4ad01-0">
                <material>
                  <mattext texttype="text/plain">62.2</mattext>
                </material>
              </response_label>
              <response_label scoring_algorithm="TextInChoices" answer_type="openEntry" ident="6aaadaed-8092-4e54-8913-8cdbe6b4ad01-1">
                <material>
                  <mattext texttype="text/plain">62.20</mattext>
                </material>
              </response_label>
              <response_label scoring_algorithm="TextInChoices" answer_type="openEntry" ident="6aaadaed-8092-4e54-8913-8cdbe6b4ad01-2">
                <material>
                  <mattext texttype="text/plain">62.200</mattext>
                </material>
              </response_label>
            </render_choice>
          </response_lid>
          <response_lid ident="response_08baf654-b342-42d3-821e-b6c2098fe5db">
            <material>
              <mattext>2.064</mattext>
            </material>
            <render_choice>
              <response_label scoring_algorithm="TextInChoices" answer_type="openEntry" ident="08baf654-b342-42d3-821e-b6c2098fe5db-0">
                <material>
                  <mattext texttype="text/plain">2.064</mattext>
                </material>
              </response_label>
            </render_choice>
          </response_lid>
          <response_lid ident="response_6b223acd-59a3-4e1c-bbb1-30dae65bef69">
            <material>
              <mattext>1.944</mattext>
            </material>
            <render_choice>
              <response_label scoring_algorithm="TextInChoices" answer_type="openEntry" ident="6b223acd-59a3-4e1c-bbb1-30dae65bef69-0">
                <material>
                  <mattext texttype="text/plain">1.944</mattext>
                </material>
              </response_label>
            </render_choice>
          </response_lid>
          <response_lid ident="response_a36c8c1a-985f-4bb3-a45a-06a9180bb57a">
            <material>
              <mattext>60.256</mattext>
            </material>
            <render_choice>
              <response_label scoring_algorithm="TextInChoices" answer_type="openEntry" ident="a36c8c1a-985f-4bb3-a45a-06a9180bb57a-0">
                <material>
                  <mattext texttype="text/plain">60.256</mattext>
                </material>
              </response_label>
            </render_choice>
          </response_lid>
          <response_lid ident="response_01174be3-11e5-476e-a5a1-e3697ba5c31a">
            <material>
              <mattext>64.144</mattext>
            </material>
            <render_choice>
              <response_label scoring_algorithm="TextInChoices" answer_type="openEntry" ident="01174be3-11e5-476e-a5a1-e3697ba5c31a-0">
                <material>
                  <mattext texttype="text/plain">64.144</mattext>
                </material>
              </response_label>
            </render_choice>
          </response_lid>
        </presentation>
        <resprocessing>
          <outcomes>
            <decvar maxvalue="100" minvalue="0" varname="SCORE" vartype="Decimal"/>
          </outcomes>
          <respcondition>
            <conditionvar>
              <varequal respident="response_6aaadaed-8092-4e54-8913-8cdbe6b4ad01">6aaadaed-8092-4e54-8913-8cdbe6b4ad01-0</varequal>
            </conditionvar>
            <setvar action="Add" varname="SCORE">20.00</setvar>
          </respcondition>
          <respcondition>
            <conditionvar>
              <varequal respident="response_08baf654-b342-42d3-821e-b6c2098fe5db">08baf654-b342-42d3-821e-b6c2098fe5db-0</varequal>
            </conditionvar>
            <setvar action="Add" varname="SCORE">20.00</setvar>
          </respcondition>
          <respcondition>
            <conditionvar>
              <varequal respident="response_6b223acd-59a3-4e1c-bbb1-30dae65bef69">6b223acd-59a3-4e1c-bbb1-30dae65bef69-0</varequal>
            </conditionvar>
            <setvar action="Add" varname="SCORE">20.00</setvar>
          </respcondition>
          <respcondition>
            <conditionvar>
              <varequal respident="response_a36c8c1a-985f-4bb3-a45a-06a9180bb57a">a36c8c1a-985f-4bb3-a45a-06a9180bb57a-0</varequal>
            </conditionvar>
            <setvar action="Add" varname="SCORE">20.00</setvar>
          </respcondition>
          <respcondition>
            <conditionvar>
              <varequal respident="response_01174be3-11e5-476e-a5a1-e3697ba5c31a">01174be3-11e5-476e-a5a1-e3697ba5c31a-0</varequal>
            </conditionvar>
            <setvar action="Add" varname="SCORE">20.00</setvar>
          </respcondition>
        </resprocessing>
      </item>
      <item ident="b5b7ad81033295399ea9e84df8bf59c2" title="Question 18">
        <itemmetadata>
          <qtimetadata>
            <qtimetadatafield>
              <fieldlabel>question_type</fieldlabel>
              <fieldentry>numerical_question</fieldentry>
            </qtimetadatafield>
            <qtimetadatafield>
              <fieldlabel>points_possible</fieldlabel>
              <fieldentry>1.0</fieldentry>
            </qtimetadatafield>
            <qtimetadatafield>
              <fieldlabel>original_answer_ids</fieldlabel>
              <fieldentry>05652394-04b8-4a26-a325-1e90b777c525</fieldentry>
            </qtimetadatafield>
            <qtimetadatafield>
              <fieldlabel>assessment_question_identifierref</fieldlabel>
              <fieldentry>20ef2ae809098d5dc8864d0ddb88d048</fieldentry>
            </qtimetadatafield>
            <qtimetadatafield>
              <fieldlabel>calculator_type</fieldlabel>
              <fieldentry>none</fieldentry>
            </qtimetadatafield>
          </qtimetadata>
        </itemmetadata>
        <presentation>
          <material>
            <mattext texttype="text/html">&lt;div&gt;
&lt;p&gt;A study at the Harvard School of Public Health found that 44% of 10,000 sampled college students were binge drinkers. A student at the University of Minnesota plans to estimate the proportion of college students at her school who are binge drinkers.&lt;/p&gt;
&lt;p&gt;How large a random sample would she need to estimate it to within 0.05 (the width is 0.1) with 95% confidence, if before conducting the study, she uses the Harvard study results as a guideline?&lt;/p&gt;
&lt;/div&gt;</mattext>
          </material>
          <response_str ident="response1" rcardinality="Single">
            <render_fib fibtype="Decimal">
              <response_label ident="answer1"/>
            </render_fib>
          </response_str>
        </presentation>
        <resprocessing>
          <outcomes>
            <decvar maxvalue="100" minvalue="0" varname="SCORE" vartype="Decimal"/>
          </outcomes>
          <respcondition continue="No">
            <conditionvar>
              <or>
                <varequal respident="response1">379.0</varequal>
                <and>
                  <vargte respident="response1">379.0</vargte>
                  <varlte respident="response1">379.0</varlte>
                </and>
              </or>
            </conditionvar>
            <setvar action="Set" varname="SCORE">100</setvar>
          </respcondition>
        </resprocessing>
      </item>
      <item ident="3f2dfb63d4d3d8dd6e77e56baeaecb3a" title="Question 19">
        <itemmetadata>
          <qtimetadata>
            <qtimetadatafield>
              <fieldlabel>question_type</fieldlabel>
              <fieldentry>numerical_question</fieldentry>
            </qtimetadatafield>
            <qtimetadatafield>
              <fieldlabel>points_possible</fieldlabel>
              <fieldentry>1.0</fieldentry>
            </qtimetadatafield>
            <qtimetadatafield>
              <fieldlabel>original_answer_ids</fieldlabel>
              <fieldentry>25c87933-9856-4185-b456-4d86950e5b68</fieldentry>
            </qtimetadatafield>
            <qtimetadatafield>
              <fieldlabel>assessment_question_identifierref</fieldlabel>
              <fieldentry>36a8f06cbcaefa82159ed58ad005f00b</fieldentry>
            </qtimetadatafield>
            <qtimetadatafield>
              <fieldlabel>calculator_type</fieldlabel>
              <fieldentry>none</fieldentry>
            </qtimetadatafield>
          </qtimetadata>
        </itemmetadata>
        <presentation>
          <material>
            <mattext texttype="text/html">&lt;div&gt;
&lt;p&gt;A study at the Harvard School of Public Health found that 44% of 10,000 sampled college students were binge drinkers. A student at the University of Minnesota plans to estimate the proportion of college students at her school who are binge drinkers.&lt;/p&gt;
&lt;p&gt;How large a random sample would she need to estimate it to within 0.05 (the width is 0.1) with 95% confidence, if before conducting the study, she does not use the Harvard study results and she is unwilling to predict the proportion of binge drinkers at her school?&amp;nbsp;&lt;/p&gt;
&lt;/div&gt;</mattext>
          </material>
          <response_str ident="response1" rcardinality="Single">
            <render_fib fibtype="Decimal">
              <response_label ident="answer1"/>
            </render_fib>
          </response_str>
        </presentation>
        <resprocessing>
          <outcomes>
            <decvar maxvalue="100" minvalue="0" varname="SCORE" vartype="Decimal"/>
          </outcomes>
          <respcondition continue="No">
            <conditionvar>
              <or>
                <varequal respident="response1">385.0</varequal>
                <and>
                  <vargte respident="response1">385.0</vargte>
                  <varlte respident="response1">385.0</varlte>
                </and>
              </or>
            </conditionvar>
            <setvar action="Set" varname="SCORE">100</setvar>
          </respcondition>
        </resprocessing>
      </item>
      <item ident="6a1524198268206c179ed4dd58df1cc0" title="Question 20">
        <itemmetadata>
          <qtimetadata>
            <qtimetadatafield>
              <fieldlabel>question_type</fieldlabel>
              <fieldentry>numerical_question</fieldentry>
            </qtimetadatafield>
            <qtimetadatafield>
              <fieldlabel>points_possible</fieldlabel>
              <fieldentry>1.0</fieldentry>
            </qtimetadatafield>
            <qtimetadatafield>
              <fieldlabel>original_answer_ids</fieldlabel>
              <fieldentry>7356c413-71f9-4cc7-a585-2c587d23918d</fieldentry>
            </qtimetadatafield>
            <qtimetadatafield>
              <fieldlabel>assessment_question_identifierref</fieldlabel>
              <fieldentry>ce9f9f75cd6706506991a77dfb998227</fieldentry>
            </qtimetadatafield>
            <qtimetadatafield>
              <fieldlabel>calculator_type</fieldlabel>
              <fieldentry>none</fieldentry>
            </qtimetadatafield>
          </qtimetadata>
        </itemmetadata>
        <presentation>
          <material>
            <mattext texttype="text/html">&lt;div&gt;A study to estimate the mean acreage of farms in a country is conducted. The study targets to obtain a 95% confidence interval with a margin of error of 25 acres. How many farms should be sampled for this study, given that a study 10 years ago in this country had a sample standard deviation of 200 acres for farm size?&lt;/div&gt;</mattext>
          </material>
          <response_str ident="response1" rcardinality="Single">
            <render_fib fibtype="Decimal">
              <response_label ident="answer1"/>
            </render_fib>
          </response_str>
        </presentation>
        <resprocessing>
          <outcomes>
            <decvar maxvalue="100" minvalue="0" varname="SCORE" vartype="Decimal"/>
          </outcomes>
          <respcondition continue="No">
            <conditionvar>
              <or>
                <varequal respident="response1">246.0</varequal>
                <and>
                  <vargte respident="response1">246.0</vargte>
                  <varlte respident="response1">246.0</varlte>
                </and>
              </or>
            </conditionvar>
            <setvar action="Set" varname="SCORE">100</setvar>
          </respcondition>
        </resprocessing>
      </item>
    </section>
  </assessment>
</questestinterop>
