<?xml version="1.0" encoding="UTF-8"?>
<manifest identifier="g4f7573a3a71895112acb7b934f11c8ce" xmlns="http://www.imsglobal.org/xsd/imsccv1p1/imscp_v1p1" xmlns:lom="http://ltsc.ieee.org/xsd/imsccv1p1/LOM/resource" xmlns:imsmd="http://www.imsglobal.org/xsd/imsmd_v1p2" xmlns:xsi="http://www.w3.org/2001/XMLSchema-instance" xsi:schemaLocation="http://www.imsglobal.org/xsd/imsccv1p1/imscp_v1p1 http://www.imsglobal.org/xsd/imscp_v1p1.xsd http://ltsc.ieee.org/xsd/imsccv1p1/LOM/resource http://www.imsglobal.org/profile/cc/ccv1p1/LOM/ccv1p1_lomresource_v1p0.xsd http://www.imsglobal.org/xsd/imsmd_v1p2 http://www.imsglobal.org/xsd/imsmd_v1p2p2.xsd">
  <metadata>
    <schema>IMS Content</schema>
    <schemaversion>1.1.3</schemaversion>
    <imsmd:lom>
      <imsmd:general>
        <imsmd:title>
          <imsmd:string>QTI Quiz Export for course "ST2137 Statistical Computing and Programming [2420]"</imsmd:string>
        </imsmd:title>
      </imsmd:general>
      <imsmd:lifeCycle>
        <imsmd:contribute>
          <imsmd:date>
            <imsmd:dateTime>2025-07-25</imsmd:dateTime>
          </imsmd:date>
        </imsmd:contribute>
      </imsmd:lifeCycle>
      <imsmd:rights>
        <imsmd:copyrightAndOtherRestrictions>
          <imsmd:value>yes</imsmd:value>
        </imsmd:copyrightAndOtherRestrictions>
        <imsmd:description>
          <imsmd:string>Private (Copyrighted) - http://en.wikipedia.org/wiki/Copyright</imsmd:string>
        </imsmd:description>
      </imsmd:rights>
    </imsmd:lom>
  </metadata>
  <organizations/>
  <resources>
    <resource identifier="g423003ef634a6d05085d1d699e323333" type="imsqti_xmlv1p2">
      <file href="g423003ef634a6d05085d1d699e323333/g423003ef634a6d05085d1d699e323333.xml"/>
      <dependency identifierref="gb9a9b844a8182a21cc733c06d5df76f2"/>
    </resource>
    <resource identifier="gb9a9b844a8182a21cc733c06d5df76f2" type="associatedcontent/imscc_xmlv1p1/learning-application-resource" href="g423003ef634a6d05085d1d699e323333/assessment_meta.xml">
      <file href="g423003ef634a6d05085d1d699e323333/assessment_meta.xml"/>
    </resource>
    <resource identifier="g4e1d6d2dfbf3a037816d89b81f36f503" type="imsqti_xmlv1p2">
      <file href="g4e1d6d2dfbf3a037816d89b81f36f503/g4e1d6d2dfbf3a037816d89b81f36f503.xml"/>
      <dependency identifierref="g497b164891dec0e2e1aaeb24047b419b"/>
    </resource>
    <resource identifier="g497b164891dec0e2e1aaeb24047b419b" type="associatedcontent/imscc_xmlv1p1/learning-application-resource" href="g4e1d6d2dfbf3a037816d89b81f36f503/assessment_meta.xml">
      <file href="g4e1d6d2dfbf3a037816d89b81f36f503/assessment_meta.xml"/>
    </resource>
    <resource identifier="g4ca730408f4b7e49eee8e578fc2a27ab" type="webcontent" href="web_resources/Uploaded Media/Linear Regression bike_workday_interaction-results-practice-2.pdf">
      <file href="web_resources/Uploaded Media/Linear Regression bike_workday_interaction-results-practice-2.pdf"/>
    </resource>
    <resource identifier="gafafd8f83ab833ff1f1f968663f07a0a" type="webcontent" href="web_resources/Uploaded Media/sas_anova_f_test.png">
      <file href="web_resources/Uploaded Media/sas_anova_f_test.png"/>
    </resource>
    <resource identifier="g635a731e66f43ef14d26b5999e5ced43" type="webcontent" href="web_resources/Uploaded Media/image.png">
      <file href="web_resources/Uploaded Media/image.png"/>
    </resource>
    <resource identifier="g8a3c61d3df0a7770865863f79ff290d6" type="webcontent" href="web_resources/Uploaded Media/Linear Regression-taiwan-ldist-num_stores.pdf">
      <file href="web_resources/Uploaded Media/Linear Regression-taiwan-ldist-num_stores.pdf"/>
    </resource>
    <resource identifier="g5afdc3ca012227f18d94690d6516eb24" type="webcontent" href="web_resources/Uploaded Media/r_density_args-001.png">
      <file href="web_resources/Uploaded Media/r_density_args-001.png"/>
    </resource>
    <resource identifier="g22bec7e908f21ee7f418ab93db76a763" type="webcontent" href="web_resources/Uploaded Media/r_density_args-002.png">
      <file href="web_resources/Uploaded Media/r_density_args-002.png"/>
    </resource>
    <resource identifier="gb4d085c64261363bf6f5ea5d9f7eb5f8" type="webcontent" href="web_resources/Uploaded Media/py_pkg_error.png">
      <file href="web_resources/Uploaded Media/py_pkg_error.png"/>
    </resource>
    <resource identifier="ge217f3693ea1fe3a563722ab2eb74904" type="webcontent" href="web_resources/Uploaded Media/r_interpret_barcharts.png">
      <file href="web_resources/Uploaded Media/r_interpret_barcharts.png"/>
    </resource>
    <resource identifier="gebd3f1f15fcd562050fcaf7190072591" type="webcontent" href="assessment_questions/sas_anova_f_test.png">
      <file href="assessment_questions/sas_anova_f_test.png"/>
    </resource>
    <resource identifier="g1028348d5ca0bc7456f5f65bce631d92" type="webcontent" href="assessment_questions/unnamed-chunk-2-1.png">
      <file href="assessment_questions/unnamed-chunk-2-1.png"/>
    </resource>
    <resource identifier="gaf1b9cbc9170c14a39737194eab16b47" type="webcontent" href="assessment_questions/unnamed-chunk-2-1.png">
      <file href="assessment_questions/unnamed-chunk-2-1.png"/>
    </resource>
    <resource identifier="gb87f15ca55b5038384938e1e972f9897" type="webcontent" href="assessment_questions/unnamed-chunk-2-2.png">
      <file href="assessment_questions/unnamed-chunk-2-2.png"/>
    </resource>
    <resource identifier="gd50c62dd386879ff467a1cd61c0de9f1" type="webcontent" href="assessment_questions/image-2.png">
      <file href="assessment_questions/image-2.png"/>
    </resource>
    <resource identifier="ge2978cfd45f6e754eb7683dd2fbe48f4" type="webcontent" href="assessment_questions/py_stack2_01.png">
      <file href="assessment_questions/py_stack2_01.png"/>
    </resource>
    <resource identifier="g34c0ece151481a3334d8cdf1d69b309a" type="webcontent" href="assessment_questions/unnamed-chunk-1-1.png">
      <file href="assessment_questions/unnamed-chunk-1-1.png"/>
    </resource>
    <resource identifier="g8f9dec24664c379072913d9ca4f491da" type="webcontent" href="assessment_questions/unnamed-chunk-2-1.png">
      <file href="assessment_questions/unnamed-chunk-2-1.png"/>
    </resource>
    <resource identifier="g16772dff81d0eddd37c74afc914fc2d2" type="webcontent" href="assessment_questions/mosaic-001-1.png">
      <file href="assessment_questions/mosaic-001-1.png"/>
    </resource>
    <resource identifier="g7d32ed0d046322a5b6b3a85d45b82c38" type="webcontent" href="assessment_questions/unnamed-chunk-3-1.png">
      <file href="assessment_questions/unnamed-chunk-3-1.png"/>
    </resource>
    <resource identifier="g49a10721f6101c1043b5e6b7d357174e" type="webcontent" href="assessment_questions/unnamed-chunk-1-1.png">
      <file href="assessment_questions/unnamed-chunk-1-1.png"/>
    </resource>
    <resource identifier="g001effb3a632d76bea131f04af3b33ce" type="webcontent" href="assessment_questions/unnamed-chunk-2-1.png">
      <file href="assessment_questions/unnamed-chunk-2-1.png"/>
    </resource>
  </resources>
</manifest>
