<?xml version="1.0" encoding="UTF-8"?>
<quiz identifier="g4e1d6d2dfbf3a037816d89b81f36f503" xmlns="http://canvas.instructure.com/xsd/cccv1p0" xmlns:xsi="http://www.w3.org/2001/XMLSchema-instance" xsi:schemaLocation="http://canvas.instructure.com/xsd/cccv1p0 https://canvas.instructure.com/xsd/cccv1p0.xsd">
  <title>Mid-term Practice</title>
  <description>&lt;ul&gt;
&lt;li&gt;The following practice quiz contains a mix of MCQ and short answer questions.&lt;/li&gt;
&lt;li&gt;You have unlimited attempts to try the quiz. The marks in this quiz do not count toward your grade.&lt;/li&gt;
&lt;li&gt;The quiz will be available until Mar 14th 2359hrs.&lt;/li&gt;
&lt;li&gt;You will not have access to Canvas during the mid-term quiz.&lt;/li&gt;
&lt;li&gt;The only packages you need are:
&lt;ul&gt;
&lt;li&gt;R: lattice&lt;/li&gt;
&lt;li&gt;Python: numpy, pandas, scipy&lt;/li&gt;
&lt;/ul&gt;
&lt;/li&gt;
&lt;/ul&gt;
&lt;p&gt;&amp;nbsp;&lt;/p&gt;</description>
  <shuffle_answers>true</shuffle_answers>
  <scoring_policy>keep_highest</scoring_policy>
  <hide_results></hide_results>
  <quiz_type>practice_quiz</quiz_type>
  <points_possible>22.0</points_possible>
  <require_lockdown_browser>false</require_lockdown_browser>
  <require_lockdown_browser_for_results>false</require_lockdown_browser_for_results>
  <require_lockdown_browser_monitor>false</require_lockdown_browser_monitor>
  <lockdown_browser_monitor_data></lockdown_browser_monitor_data>
  <show_correct_answers>true</show_correct_answers>
  <anonymous_submissions>false</anonymous_submissions>
  <could_be_locked>true</could_be_locked>
  <disable_timer_autosubmission>false</disable_timer_autosubmission>
  <allowed_attempts>-1</allowed_attempts>
  <one_question_at_a_time>false</one_question_at_a_time>
  <cant_go_back>false</cant_go_back>
  <available>true</available>
  <one_time_results>false</one_time_results>
  <show_correct_answers_last_attempt>false</show_correct_answers_last_attempt>
  <only_visible_to_overrides>false</only_visible_to_overrides>
  <module_locked>false</module_locked>
  <assignment_group_identifierref>g35dd43d6da3dbb3bf6e2b7e8a3e7934c</assignment_group_identifierref>
  <assignment_overrides>
  </assignment_overrides>
</quiz>
